src,dst,edge_attr_0,edge_attr_1,edge_attr_2,graph_id
0,1,1.0,0.0,0.0,0
0,7,1.0,0.0,0.0,0
1,0,1.0,0.0,0.0,0
1,2,1.5,1.0,1.0,0
1,5,1.5,1.0,1.0,0
2,1,1.5,1.0,1.0,0
2,3,1.5,1.0,1.0,0
3,2,1.5,1.0,1.0,0
3,4,1.5,1.0,1.0,0
3,6,1.0,0.0,0.0,0
4,3,1.5,1.0,1.0,0
4,5,1.5,1.0,1.0,0
5,1,1.5,1.0,1.0,0
5,4,1.5,1.0,1.0,0
6,3,1.0,0.0,0.0,0
7,0,1.0,0.0,0.0,0
7,8,1.0,0.0,0.0,0
8,7,1.0,0.0,0.0,0
9,10,1.0,0.0,0.0,0
9,11,1.0,0.0,0.0,0
9,12,1.0,0.0,0.0,0
9,13,1.0,0.0,0.0,0
10,9,1.0,0.0,0.0,0
11,9,1.0,0.0,0.0,0
12,9,1.0,0.0,0.0,0
13,9,1.0,0.0,0.0,0
0,1,1.0,0.0,0.0,1
0,7,1.0,0.0,0.0,1
1,0,1.0,0.0,0.0,1
1,2,1.5,1.0,1.0,1
1,5,1.5,1.0,1.0,1
2,1,1.5,1.0,1.0,1
2,3,1.5,1.0,1.0,1
3,2,1.5,1.0,1.0,1
3,4,1.5,1.0,1.0,1
3,6,1.0,0.0,0.0,1
4,3,1.5,1.0,1.0,1
4,5,1.5,1.0,1.0,1
5,1,1.5,1.0,1.0,1
5,4,1.5,1.0,1.0,1
6,3,1.0,0.0,0.0,1
7,0,1.0,0.0,0.0,1
7,8,1.0,0.0,0.0,1
8,7,1.0,0.0,0.0,1
8,9,1.0,0.0,0.0,1
9,8,1.0,0.0,0.0,1
10,11,1.0,0.0,0.0,1
10,12,1.0,0.0,0.0,1
10,13,1.0,0.0,0.0,1
10,14,1.0,0.0,0.0,1
11,10,1.0,0.0,0.0,1
12,10,1.0,0.0,0.0,1
13,10,1.0,0.0,0.0,1
14,10,1.0,0.0,0.0,1
0,1,1.0,0.0,0.0,2
0,7,1.0,0.0,0.0,2
1,0,1.0,0.0,0.0,2
1,2,1.5,1.0,1.0,2
1,5,1.5,1.0,1.0,2
2,1,1.5,1.0,1.0,2
2,3,1.5,1.0,1.0,2
3,2,1.5,1.0,1.0,2
3,4,1.5,1.0,1.0,2
3,6,1.0,0.0,0.0,2
4,3,1.5,1.0,1.0,2
4,5,1.5,1.0,1.0,2
5,1,1.5,1.0,1.0,2
5,4,1.5,1.0,1.0,2
6,3,1.0,0.0,0.0,2
7,0,1.0,0.0,0.0,2
7,8,1.0,0.0,0.0,2
8,7,1.0,0.0,0.0,2
8,9,1.0,0.0,0.0,2
9,8,1.0,0.0,0.0,2
10,11,1.0,0.0,0.0,2
10,18,1.0,0.0,0.0,2
11,10,1.0,0.0,0.0,2
11,12,2.0,0.0,0.0,2
11,13,2.0,0.0,0.0,2
11,14,1.0,0.0,0.0,2
12,11,2.0,0.0,0.0,2
13,11,2.0,0.0,0.0,2
14,11,1.0,0.0,0.0,2
14,15,1.0,0.0,0.0,2
14,16,1.0,0.0,0.0,2
14,17,1.0,0.0,0.0,2
15,14,1.0,0.0,0.0,2
16,14,1.0,0.0,0.0,2
17,14,1.0,0.0,0.0,2
18,10,1.0,0.0,0.0,2
18,19,2.0,0.0,0.0,2
18,20,2.0,0.0,0.0,2
18,21,1.0,0.0,0.0,2
19,18,2.0,0.0,0.0,2
20,18,2.0,0.0,0.0,2
21,18,1.0,0.0,0.0,2
21,22,1.0,0.0,0.0,2
21,23,1.0,0.0,0.0,2
21,24,1.0,0.0,0.0,2
22,21,1.0,0.0,0.0,2
23,21,1.0,0.0,0.0,2
24,21,1.0,0.0,0.0,2
0,1,1.0,0.0,0.0,3
1,0,1.0,0.0,0.0,3
2,3,2.0,1.0,0.0,3
2,4,1.0,1.0,0.0,3
3,2,2.0,1.0,0.0,3
4,2,1.0,1.0,0.0,3
0,1,1.0,0.0,0.0,4
1,0,1.0,0.0,0.0,4
1,2,1.0,0.0,0.0,4
2,1,1.0,0.0,0.0,4
2,3,1.5,1.0,1.0,4
2,6,1.5,1.0,1.0,4
3,2,1.5,1.0,1.0,4
3,4,1.5,1.0,1.0,4
4,3,1.5,1.0,1.0,4
4,5,1.5,1.0,1.0,4
5,4,1.5,1.0,1.0,4
5,6,1.5,1.0,1.0,4
5,7,1.0,0.0,0.0,4
6,2,1.5,1.0,1.0,4
6,5,1.5,1.0,1.0,4
7,5,1.0,0.0,0.0,4
8,9,1.0,0.0,0.0,4
9,8,1.0,0.0,0.0,4
9,10,2.0,1.0,0.0,4
9,11,1.0,1.0,0.0,4
10,9,2.0,1.0,0.0,4
11,9,1.0,1.0,0.0,4
0,1,1.0,0.0,0.0,5
1,0,1.0,0.0,0.0,5
1,2,1.0,0.0,0.0,5
2,1,1.0,0.0,0.0,5
2,3,1.5,1.0,1.0,5
2,6,1.5,1.0,1.0,5
3,2,1.5,1.0,1.0,5
3,4,1.5,1.0,1.0,5
4,3,1.5,1.0,1.0,5
4,5,1.5,1.0,1.0,5
5,4,1.5,1.0,1.0,5
5,6,1.5,1.0,1.0,5
5,7,1.0,0.0,0.0,5
6,2,1.5,1.0,1.0,5
6,5,1.5,1.0,1.0,5
7,5,1.0,0.0,0.0,5
0,1,1.0,0.0,0.0,6
0,7,1.0,0.0,0.0,6
1,0,1.0,0.0,0.0,6
1,2,1.5,1.0,1.0,6
1,5,1.5,1.0,1.0,6
2,1,1.5,1.0,1.0,6
2,3,1.5,1.0,1.0,6
3,2,1.5,1.0,1.0,6
3,4,1.5,1.0,1.0,6
3,6,1.0,0.0,0.0,6
4,3,1.5,1.0,1.0,6
4,5,1.5,1.0,1.0,6
5,1,1.5,1.0,1.0,6
5,4,1.5,1.0,1.0,6
6,3,1.0,0.0,0.0,6
7,0,1.0,0.0,0.0,6
7,8,1.0,0.0,0.0,6
8,7,1.0,0.0,0.0,6
8,9,1.0,0.0,0.0,6
9,8,1.0,0.0,0.0,6
0,1,1.0,0.0,0.0,7
0,7,1.0,0.0,0.0,7
1,0,1.0,0.0,0.0,7
1,2,1.5,1.0,1.0,7
1,5,1.5,1.0,1.0,7
2,1,1.5,1.0,1.0,7
2,3,1.5,1.0,1.0,7
3,2,1.5,1.0,1.0,7
3,4,1.5,1.0,1.0,7
4,3,1.5,1.0,1.0,7
4,5,1.5,1.0,1.0,7
4,6,1.0,0.0,0.0,7
5,1,1.5,1.0,1.0,7
5,4,1.5,1.0,1.0,7
6,4,1.0,0.0,0.0,7
7,0,1.0,0.0,0.0,7
7,8,1.0,0.0,0.0,7
8,7,1.0,0.0,0.0,7
8,9,1.0,0.0,0.0,7
9,8,1.0,0.0,0.0,7
9,10,3.0,0.0,0.0,7
10,9,3.0,0.0,0.0,7
0,1,1.0,0.0,0.0,8
1,0,1.0,0.0,0.0,8
2,3,1.0,0.0,0.0,8
3,2,1.0,0.0,0.0,8
3,4,2.0,1.0,0.0,8
3,5,1.0,1.0,0.0,8
4,3,2.0,1.0,0.0,8
5,3,1.0,1.0,0.0,8
0,1,1.0,0.0,0.0,9
1,0,1.0,0.0,0.0,9
1,2,1.0,0.0,0.0,9
2,1,1.0,0.0,0.0,9
2,3,1.0,0.0,0.0,9
2,5,1.0,0.0,0.0,9
2,7,1.0,0.0,0.0,9
3,2,1.0,0.0,0.0,9
3,4,1.0,0.0,0.0,9
4,3,1.0,0.0,0.0,9
5,2,1.0,0.0,0.0,9
5,6,1.0,0.0,0.0,9
6,5,1.0,0.0,0.0,9
7,2,1.0,0.0,0.0,9
7,8,1.0,0.0,0.0,9
8,7,1.0,0.0,0.0,9
9,10,1.0,0.0,0.0,9
9,11,1.0,0.0,0.0,9
9,12,1.0,0.0,0.0,9
9,13,1.0,0.0,0.0,9
9,14,1.0,0.0,0.0,9
9,15,1.0,0.0,0.0,9
10,9,1.0,0.0,0.0,9
11,9,1.0,0.0,0.0,9
12,9,1.0,0.0,0.0,9
13,9,1.0,0.0,0.0,9
14,9,1.0,0.0,0.0,9
15,9,1.0,0.0,0.0,9
0,1,2.0,0.0,0.0,10
0,21,1.0,0.0,0.0,10
0,27,1.0,0.0,0.0,10
0,33,1.0,0.0,0.0,10
1,0,2.0,0.0,0.0,10
1,2,2.0,0.0,0.0,10
2,1,2.0,0.0,0.0,10
2,3,1.0,0.0,0.0,10
2,9,1.0,0.0,0.0,10
2,15,1.0,0.0,0.0,10
3,2,1.0,0.0,0.0,10
3,4,1.5,1.0,1.0,10
3,8,1.5,1.0,1.0,10
4,3,1.5,1.0,1.0,10
4,5,1.5,1.0,1.0,10
5,4,1.5,1.0,1.0,10
5,6,1.5,1.0,1.0,10
6,5,1.5,1.0,1.0,10
6,7,1.5,1.0,1.0,10
7,6,1.5,1.0,1.0,10
7,8,1.5,1.0,1.0,10
8,3,1.5,1.0,1.0,10
8,7,1.5,1.0,1.0,10
9,2,1.0,0.0,0.0,10
9,10,1.5,1.0,1.0,10
9,14,1.5,1.0,1.0,10
10,9,1.5,1.0,1.0,10
10,11,1.5,1.0,1.0,10
11,10,1.5,1.0,1.0,10
11,12,1.5,1.0,1.0,10
12,11,1.5,1.0,1.0,10
12,13,1.5,1.0,1.0,10
13,12,1.5,1.0,1.0,10
13,14,1.5,1.0,1.0,10
14,9,1.5,1.0,1.0,10
14,13,1.5,1.0,1.0,10
15,2,1.0,0.0,0.0,10
15,16,1.5,1.0,1.0,10
15,20,1.5,1.0,1.0,10
16,15,1.5,1.0,1.0,10
16,17,1.5,1.0,1.0,10
17,16,1.5,1.0,1.0,10
17,18,1.5,1.0,1.0,10
18,17,1.5,1.0,1.0,10
18,19,1.5,1.0,1.0,10
19,18,1.5,1.0,1.0,10
19,20,1.5,1.0,1.0,10
20,15,1.5,1.0,1.0,10
20,19,1.5,1.0,1.0,10
21,0,1.0,0.0,0.0,10
21,22,1.5,1.0,1.0,10
21,26,1.5,1.0,1.0,10
22,21,1.5,1.0,1.0,10
22,23,1.5,1.0,1.0,10
23,22,1.5,1.0,1.0,10
23,24,1.5,1.0,1.0,10
24,23,1.5,1.0,1.0,10
24,25,1.5,1.0,1.0,10
25,24,1.5,1.0,1.0,10
25,26,1.5,1.0,1.0,10
26,21,1.5,1.0,1.0,10
26,25,1.5,1.0,1.0,10
27,0,1.0,0.0,0.0,10
27,28,1.5,1.0,1.0,10
27,32,1.5,1.0,1.0,10
28,27,1.5,1.0,1.0,10
28,29,1.5,1.0,1.0,10
29,28,1.5,1.0,1.0,10
29,30,1.5,1.0,1.0,10
30,29,1.5,1.0,1.0,10
30,31,1.5,1.0,1.0,10
31,30,1.5,1.0,1.0,10
31,32,1.5,1.0,1.0,10
32,27,1.5,1.0,1.0,10
32,31,1.5,1.0,1.0,10
33,0,1.0,0.0,0.0,10
33,34,1.5,1.0,1.0,10
33,38,1.5,1.0,1.0,10
34,33,1.5,1.0,1.0,10
34,35,1.5,1.0,1.0,10
35,34,1.5,1.0,1.0,10
35,36,1.5,1.0,1.0,10
36,35,1.5,1.0,1.0,10
36,37,1.5,1.0,1.0,10
37,36,1.5,1.0,1.0,10
37,38,1.5,1.0,1.0,10
38,33,1.5,1.0,1.0,10
38,37,1.5,1.0,1.0,10
39,40,1.0,0.0,0.0,10
39,47,1.0,0.0,0.0,10
40,39,1.0,0.0,0.0,10
40,41,2.0,0.0,0.0,10
40,42,2.0,0.0,0.0,10
40,43,1.0,0.0,0.0,10
41,40,2.0,0.0,0.0,10
42,40,2.0,0.0,0.0,10
43,40,1.0,0.0,0.0,10
43,44,1.0,0.0,0.0,10
43,45,1.0,0.0,0.0,10
43,46,1.0,0.0,0.0,10
44,43,1.0,0.0,0.0,10
45,43,1.0,0.0,0.0,10
46,43,1.0,0.0,0.0,10
47,39,1.0,0.0,0.0,10
47,48,2.0,0.0,0.0,10
47,49,2.0,0.0,0.0,10
47,50,1.0,0.0,0.0,10
48,47,2.0,0.0,0.0,10
49,47,2.0,0.0,0.0,10
50,47,1.0,0.0,0.0,10
50,51,1.0,0.0,0.0,10
50,52,1.0,0.0,0.0,10
50,53,1.0,0.0,0.0,10
51,50,1.0,0.0,0.0,10
52,50,1.0,0.0,0.0,10
53,50,1.0,0.0,0.0,10
0,1,1.0,0.0,0.0,11
0,6,1.0,0.0,0.0,11
1,0,1.0,0.0,0.0,11
1,2,2.0,1.0,1.0,11
1,5,1.0,1.0,1.0,11
2,1,2.0,1.0,1.0,11
2,3,1.0,1.0,1.0,11
3,2,1.0,1.0,1.0,11
3,4,1.0,1.0,1.0,11
4,3,1.0,1.0,1.0,11
4,5,2.0,1.0,1.0,11
5,1,1.0,1.0,1.0,11
5,4,2.0,1.0,1.0,11
6,0,1.0,0.0,0.0,11
6,7,1.0,0.0,0.0,11
7,6,1.0,0.0,0.0,11
7,8,1.0,1.0,0.0,11
8,7,1.0,1.0,0.0,11
8,9,1.0,0.0,0.0,11
8,12,2.0,1.0,0.0,11
9,8,1.0,0.0,0.0,11
9,10,1.0,0.0,0.0,11
9,11,1.0,0.0,0.0,11
10,9,1.0,0.0,0.0,11
11,9,1.0,0.0,0.0,11
12,8,2.0,1.0,0.0,11
13,14,1.0,0.0,0.0,11
13,21,1.0,0.0,0.0,11
14,13,1.0,0.0,0.0,11
14,15,2.0,0.0,0.0,11
14,16,2.0,0.0,0.0,11
14,17,1.0,0.0,0.0,11
15,14,2.0,0.0,0.0,11
16,14,2.0,0.0,0.0,11
17,14,1.0,0.0,0.0,11
17,18,1.0,0.0,0.0,11
17,19,1.0,0.0,0.0,11
17,20,1.0,0.0,0.0,11
18,17,1.0,0.0,0.0,11
19,17,1.0,0.0,0.0,11
20,17,1.0,0.0,0.0,11
21,13,1.0,0.0,0.0,11
21,22,2.0,0.0,0.0,11
21,23,2.0,0.0,0.0,11
21,24,1.0,0.0,0.0,11
22,21,2.0,0.0,0.0,11
23,21,2.0,0.0,0.0,11
24,21,1.0,0.0,0.0,11
24,25,1.0,0.0,0.0,11
24,26,1.0,0.0,0.0,11
24,27,1.0,0.0,0.0,11
25,24,1.0,0.0,0.0,11
26,24,1.0,0.0,0.0,11
27,24,1.0,0.0,0.0,11
0,1,1.0,0.0,0.0,12
1,0,1.0,0.0,0.0,12
2,3,1.0,0.0,0.0,12
3,2,1.0,0.0,0.0,12
3,4,2.0,1.0,0.0,12
3,5,1.0,1.0,0.0,12
4,3,2.0,1.0,0.0,12
5,3,1.0,1.0,0.0,12
0,1,1.0,0.0,0.0,13
1,0,1.0,0.0,0.0,13
2,3,2.0,1.0,0.0,13
2,4,1.0,1.0,0.0,13
3,2,2.0,1.0,0.0,13
4,2,1.0,1.0,0.0,13
0,1,1.0,0.0,0.0,14
1,0,1.0,0.0,0.0,14
2,3,1.0,0.0,0.0,14
2,5,2.0,1.0,0.0,14
2,6,1.0,1.0,0.0,14
3,2,1.0,0.0,0.0,14
3,4,1.0,0.0,0.0,14
4,3,1.0,0.0,0.0,14
5,2,2.0,1.0,0.0,14
6,2,1.0,1.0,0.0,14
0,1,1.0,0.0,0.0,15
1,0,1.0,0.0,0.0,15
1,2,1.0,0.0,0.0,15
2,1,1.0,0.0,0.0,15
2,3,1.5,1.0,1.0,15
2,6,1.5,1.0,1.0,15
3,2,1.5,1.0,1.0,15
3,4,1.5,1.0,1.0,15
4,3,1.5,1.0,1.0,15
4,5,1.5,1.0,1.0,15
5,4,1.5,1.0,1.0,15
5,6,1.5,1.0,1.0,15
5,7,1.0,0.0,0.0,15
6,2,1.5,1.0,1.0,15
6,5,1.5,1.0,1.0,15
7,5,1.0,0.0,0.0,15
0,1,1.0,0.0,0.0,16
0,7,1.0,0.0,0.0,16
1,0,1.0,0.0,0.0,16
1,2,1.5,1.0,1.0,16
1,5,1.5,1.0,1.0,16
2,1,1.5,1.0,1.0,16
2,3,1.5,1.0,1.0,16
3,2,1.5,1.0,1.0,16
3,4,1.5,1.0,1.0,16
3,6,1.0,0.0,0.0,16
4,3,1.5,1.0,1.0,16
4,5,1.5,1.0,1.0,16
5,1,1.5,1.0,1.0,16
5,4,1.5,1.0,1.0,16
6,3,1.0,0.0,0.0,16
7,0,1.0,0.0,0.0,16
7,8,1.0,0.0,0.0,16
8,7,1.0,0.0,0.0,16
8,9,1.0,0.0,0.0,16
9,8,1.0,0.0,0.0,16
10,11,1.0,0.0,0.0,16
10,12,1.0,0.0,0.0,16
10,13,1.0,0.0,0.0,16
10,14,1.0,0.0,0.0,16
11,10,1.0,0.0,0.0,16
12,10,1.0,0.0,0.0,16
13,10,1.0,0.0,0.0,16
14,10,1.0,0.0,0.0,16
0,1,1.0,0.0,0.0,17
1,0,1.0,0.0,0.0,17
2,3,1.0,0.0,0.0,17
3,2,1.0,0.0,0.0,17
3,4,2.0,1.0,0.0,17
3,5,1.0,1.0,0.0,17
4,3,2.0,1.0,0.0,17
5,3,1.0,1.0,0.0,17
0,1,1.0,0.0,0.0,18
1,0,1.0,0.0,0.0,18
2,3,2.0,1.0,0.0,18
2,4,1.0,1.0,0.0,18
3,2,2.0,1.0,0.0,18
4,2,1.0,1.0,0.0,18
0,1,1.0,0.0,0.0,19
1,0,1.0,0.0,0.0,19
2,3,1.0,0.0,0.0,19
2,5,2.0,1.0,0.0,19
2,6,1.0,1.0,0.0,19
3,2,1.0,0.0,0.0,19
3,4,1.0,0.0,0.0,19
4,3,1.0,0.0,0.0,19
5,2,2.0,1.0,0.0,19
6,2,1.0,1.0,0.0,19
1,2,1.0,0.0,0.0,20
2,1,1.0,0.0,0.0,20
2,3,1.0,0.0,0.0,20
3,2,1.0,0.0,0.0,20
3,4,1.0,0.0,0.0,20
4,3,1.0,0.0,0.0,20
4,5,1.0,0.0,0.0,20
5,4,1.0,0.0,0.0,20
5,6,1.0,0.0,0.0,20
5,9,1.0,0.0,0.0,20
6,5,1.0,0.0,0.0,20
6,7,1.0,1.0,0.0,20
6,8,2.0,1.0,0.0,20
7,6,1.0,1.0,0.0,20
8,6,2.0,1.0,0.0,20
9,5,1.0,0.0,0.0,20
9,10,1.0,0.0,0.0,20
10,9,1.0,0.0,0.0,20
0,1,1.0,0.0,0.0,21
0,7,1.0,0.0,0.0,21
1,0,1.0,0.0,0.0,21
1,2,1.5,1.0,1.0,21
1,5,1.5,1.0,1.0,21
2,1,1.5,1.0,1.0,21
2,3,1.5,1.0,1.0,21
3,2,1.5,1.0,1.0,21
3,4,1.5,1.0,1.0,21
3,6,1.0,0.0,0.0,21
4,3,1.5,1.0,1.0,21
4,5,1.5,1.0,1.0,21
5,1,1.5,1.0,1.0,21
5,4,1.5,1.0,1.0,21
6,3,1.0,0.0,0.0,21
7,0,1.0,0.0,0.0,21
7,8,1.0,0.0,0.0,21
8,7,1.0,0.0,0.0,21
8,9,1.0,0.0,0.0,21
9,8,1.0,0.0,0.0,21
10,11,1.0,0.0,0.0,21
10,12,1.0,0.0,0.0,21
10,13,1.0,0.0,0.0,21
10,14,1.0,0.0,0.0,21
11,10,1.0,0.0,0.0,21
12,10,1.0,0.0,0.0,21
13,10,1.0,0.0,0.0,21
14,10,1.0,0.0,0.0,21
0,1,1.0,0.0,1.0,22
0,4,1.0,0.0,1.0,22
1,0,1.0,0.0,1.0,22
1,2,1.0,0.0,1.0,22
2,1,1.0,0.0,1.0,22
2,3,1.0,0.0,1.0,22
3,2,1.0,0.0,1.0,22
3,4,1.0,0.0,1.0,22
4,0,1.0,0.0,1.0,22
4,3,1.0,0.0,1.0,22
4,5,1.0,0.0,0.0,22
4,9,1.0,0.0,0.0,22
5,4,1.0,0.0,0.0,22
6,5,1.0,0.0,0.0,22
5,6,1.0,0.0,0.0,22
6,7,1.0,0.0,0.0,22
7,6,1.0,0.0,0.0,22
7,8,1.0,0.0,0.0,22
8,7,1.0,0.0,0.0,22
9,4,1.0,0.0,0.0,22
10,11,1.0,0.0,0.0,22
10,12,1.0,0.0,0.0,22
10,13,1.0,0.0,0.0,22
10,14,1.0,0.0,0.0,22
11,10,1.0,0.0,0.0,22
12,10,1.0,0.0,0.0,22
13,10,1.0,0.0,0.0,22
14,10,1.0,0.0,0.0,22
0,1,1.0,0.0,0.0,23
1,0,1.0,0.0,0.0,23
1,2,1.0,0.0,0.0,23
2,1,1.0,0.0,0.0,23
2,3,1.5,1.0,1.0,23
2,6,1.5,1.0,1.0,23
3,2,1.5,1.0,1.0,23
3,4,1.5,1.0,1.0,23
4,3,1.5,1.0,1.0,23
4,5,1.5,1.0,1.0,23
5,4,1.5,1.0,1.0,23
5,6,1.5,1.0,1.0,23
5,7,1.0,0.0,0.0,23
6,2,1.5,1.0,1.0,23
6,5,1.5,1.0,1.0,23
7,5,1.0,0.0,0.0,23
8,9,2.0,0.0,0.0,23
8,10,2.0,0.0,0.0,23
8,11,1.0,0.0,0.0,23
8,15,1.0,0.0,0.0,23
9,8,2.0,0.0,0.0,23
10,8,2.0,0.0,0.0,23
11,8,1.0,0.0,0.0,23
11,12,1.0,0.0,0.0,23
11,13,1.0,0.0,0.0,23
11,14,1.0,0.0,0.0,23
12,11,1.0,0.0,0.0,23
13,11,1.0,0.0,0.0,23
14,11,1.0,0.0,0.0,23
15,8,1.0,0.0,0.0,23
0,1,1.0,0.0,1.0,24
0,5,1.0,0.0,1.0,24
1,0,1.0,0.0,1.0,24
1,2,1.0,0.0,1.0,24
2,1,1.0,0.0,1.0,24
2,3,1.0,0.0,1.0,24
3,2,1.0,0.0,1.0,24
3,4,1.0,0.0,1.0,24
3,6,1.0,0.0,0.0,24
3,10,1.0,0.0,0.0,24
4,3,1.0,0.0,1.0,24
4,5,1.0,0.0,1.0,24
5,0,1.0,0.0,1.0,24
5,4,1.0,0.0,1.0,24
6,3,1.0,0.0,0.0,24
6,7,1.0,0.0,0.0,24
7,6,1.0,0.0,0.0,24
7,8,1.0,0.0,0.0,24
8,7,1.0,0.0,0.0,24
8,9,1.0,0.0,0.0,24
9,8,1.0,0.0,0.0,24
10,3,1.0,0.0,0.0,24
11,12,1.0,0.0,0.0,24
11,19,1.0,0.0,0.0,24
12,11,1.0,0.0,0.0,24
12,13,2.0,0.0,0.0,24
12,14,2.0,0.0,0.0,24
12,15,1.0,0.0,0.0,24
13,12,2.0,0.0,0.0,24
14,12,2.0,0.0,0.0,24
15,12,1.0,0.0,0.0,24
15,16,1.0,0.0,0.0,24
15,17,1.0,0.0,0.0,24
15,18,1.0,0.0,0.0,24
16,15,1.0,0.0,0.0,24
17,15,1.0,0.0,0.0,24
18,15,1.0,0.0,0.0,24
19,11,1.0,0.0,0.0,24
19,20,2.0,0.0,0.0,24
19,21,2.0,0.0,0.0,24
19,22,1.0,0.0,0.0,24
20,19,2.0,0.0,0.0,24
21,19,2.0,0.0,0.0,24
22,19,1.0,0.0,0.0,24
22,23,1.0,0.0,0.0,24
22,24,1.0,0.0,0.0,24
22,25,1.0,0.0,0.0,24
23,22,1.0,0.0,0.0,24
24,22,1.0,0.0,0.0,24
25,22,1.0,0.0,0.0,24
0,1,1.0,0.0,1.0,25
0,5,1.0,0.0,1.0,25
1,0,1.0,0.0,1.0,25
1,2,1.0,0.0,1.0,25
2,1,1.0,0.0,1.0,25
2,3,1.0,0.0,1.0,25
3,2,1.0,0.0,1.0,25
3,4,1.0,0.0,1.0,25
3,6,1.0,0.0,0.0,25
3,10,1.0,0.0,0.0,25
4,3,1.0,0.0,1.0,25
4,5,1.0,0.0,1.0,25
5,0,1.0,0.0,1.0,25
5,4,1.0,0.0,1.0,25
6,3,1.0,0.0,0.0,25
6,7,1.0,0.0,0.0,25
7,6,1.0,0.0,0.0,25
7,8,1.0,0.0,0.0,25
8,7,1.0,0.0,0.0,25
8,9,1.0,0.0,0.0,25
9,8,1.0,0.0,0.0,25
10,3,1.0,0.0,0.0,25
11,12,1.0,0.0,0.0,25
11,19,1.0,0.0,0.0,25
12,11,1.0,0.0,0.0,25
12,13,2.0,0.0,0.0,25
12,14,2.0,0.0,0.0,25
12,15,1.0,0.0,0.0,25
13,12,2.0,0.0,0.0,25
14,12,2.0,0.0,0.0,25
15,12,1.0,0.0,0.0,25
15,16,1.0,0.0,0.0,25
15,17,1.0,0.0,0.0,25
15,18,1.0,0.0,0.0,25
16,15,1.0,0.0,0.0,25
17,15,1.0,0.0,0.0,25
18,15,1.0,0.0,0.0,25
19,11,1.0,0.0,0.0,25
19,20,2.0,0.0,0.0,25
19,21,2.0,0.0,0.0,25
19,22,1.0,0.0,0.0,25
20,19,2.0,0.0,0.0,25
21,19,2.0,0.0,0.0,25
22,19,1.0,0.0,0.0,25
22,23,1.0,0.0,0.0,25
22,24,1.0,0.0,0.0,25
22,25,1.0,0.0,0.0,25
23,22,1.0,0.0,0.0,25
24,22,1.0,0.0,0.0,25
25,22,1.0,0.0,0.0,25
0,1,1.0,0.0,0.0,26
0,7,1.0,0.0,0.0,26
1,0,1.0,0.0,0.0,26
1,2,1.5,1.0,1.0,26
1,5,1.5,1.0,1.0,26
2,1,1.5,1.0,1.0,26
2,3,1.5,1.0,1.0,26
3,2,1.5,1.0,1.0,26
3,4,1.5,1.0,1.0,26
3,6,1.0,0.0,0.0,26
4,3,1.5,1.0,1.0,26
4,5,1.5,1.0,1.0,26
5,1,1.5,1.0,1.0,26
5,4,1.5,1.0,1.0,26
6,3,1.0,0.0,0.0,26
7,0,1.0,0.0,0.0,26
7,8,1.0,0.0,0.0,26
8,7,1.0,0.0,0.0,26
8,9,1.0,0.0,0.0,26
9,8,1.0,0.0,0.0,26
10,11,1.0,0.0,0.0,26
11,10,1.0,0.0,0.0,26
11,12,2.0,1.0,0.0,26
11,13,1.0,1.0,0.0,26
12,11,2.0,1.0,0.0,26
13,11,1.0,1.0,0.0,26
0,1,1.0,0.0,0.0,27
1,0,1.0,0.0,0.0,27
1,2,1.0,0.0,0.0,27
2,1,1.0,0.0,0.0,27
2,3,1.0,0.0,0.0,27
3,2,1.0,0.0,0.0,27
3,4,1.0,0.0,0.0,27
4,3,1.0,0.0,0.0,27
5,6,1.0,0.0,0.0,27
5,13,1.0,0.0,0.0,27
6,5,1.0,0.0,0.0,27
6,7,2.0,0.0,0.0,27
6,8,2.0,0.0,0.0,27
6,9,1.0,0.0,0.0,27
7,6,2.0,0.0,0.0,27
8,6,2.0,0.0,0.0,27
9,6,1.0,0.0,0.0,27
9,10,1.0,0.0,0.0,27
9,11,1.0,0.0,0.0,27
9,12,1.0,0.0,0.0,27
10,9,1.0,0.0,0.0,27
11,9,1.0,0.0,0.0,27
12,9,1.0,0.0,0.0,27
13,5,1.0,0.0,0.0,27
13,14,2.0,0.0,0.0,27
13,15,2.0,0.0,0.0,27
13,16,1.0,0.0,0.0,27
14,13,2.0,0.0,0.0,27
15,13,2.0,0.0,0.0,27
16,13,1.0,0.0,0.0,27
16,17,1.0,0.0,0.0,27
16,18,1.0,0.0,0.0,27
16,19,1.0,0.0,0.0,27
17,16,1.0,0.0,0.0,27
18,16,1.0,0.0,0.0,27
19,16,1.0,0.0,0.0,27
0,1,1.0,0.0,0.0,28
1,0,1.0,0.0,0.0,28
1,2,1.0,0.0,0.0,28
2,1,1.0,0.0,0.0,28
2,3,1.0,0.0,0.0,28
3,2,1.0,0.0,0.0,28
3,4,1.0,0.0,0.0,28
4,3,1.0,0.0,0.0,28
4,5,1.0,0.0,0.0,28
5,4,1.0,0.0,0.0,28
5,6,1.0,0.0,0.0,28
6,5,1.0,0.0,0.0,28
6,7,1.0,0.0,0.0,28
7,6,1.0,0.0,0.0,28
7,8,1.0,0.0,0.0,28
8,7,1.0,0.0,0.0,28
8,9,1.0,0.0,0.0,28
9,8,1.0,0.0,0.0,28
9,10,1.0,0.0,0.0,28
10,9,1.0,0.0,0.0,28
11,12,1.0,0.0,0.0,28
11,19,1.0,0.0,0.0,28
12,11,1.0,0.0,0.0,28
12,13,2.0,0.0,0.0,28
12,14,2.0,0.0,0.0,28
12,15,1.0,0.0,0.0,28
13,12,2.0,0.0,0.0,28
14,12,2.0,0.0,0.0,28
15,12,1.0,0.0,0.0,28
15,16,1.0,0.0,0.0,28
15,17,1.0,0.0,0.0,28
15,18,1.0,0.0,0.0,28
16,15,1.0,0.0,0.0,28
17,15,1.0,0.0,0.0,28
18,15,1.0,0.0,0.0,28
19,11,1.0,0.0,0.0,28
19,20,2.0,0.0,0.0,28
19,21,2.0,0.0,0.0,28
19,22,1.0,0.0,0.0,28
20,19,2.0,0.0,0.0,28
21,19,2.0,0.0,0.0,28
22,19,1.0,0.0,0.0,28
22,23,1.0,0.0,0.0,28
22,24,1.0,0.0,0.0,28
22,25,1.0,0.0,0.0,28
23,22,1.0,0.0,0.0,28
24,22,1.0,0.0,0.0,28
25,22,1.0,0.0,0.0,28
0,1,1.0,0.0,0.0,29
1,0,1.0,0.0,0.0,29
1,2,1.0,0.0,0.0,29
2,1,1.0,0.0,0.0,29
2,3,1.0,0.0,0.0,29
3,2,1.0,0.0,0.0,29
3,4,1.0,0.0,0.0,29
4,3,1.0,0.0,0.0,29
4,5,1.0,0.0,0.0,29
5,4,1.0,0.0,0.0,29
5,6,1.0,0.0,0.0,29
6,5,1.0,0.0,0.0,29
7,8,1.0,0.0,0.0,29
7,15,1.0,0.0,0.0,29
8,7,1.0,0.0,0.0,29
8,9,2.0,0.0,0.0,29
8,10,2.0,0.0,0.0,29
8,11,1.0,0.0,0.0,29
9,8,2.0,0.0,0.0,29
10,8,2.0,0.0,0.0,29
11,8,1.0,0.0,0.0,29
11,12,1.0,0.0,0.0,29
11,13,1.0,0.0,0.0,29
11,14,1.0,0.0,0.0,29
12,11,1.0,0.0,0.0,29
13,11,1.0,0.0,0.0,29
14,11,1.0,0.0,0.0,29
15,7,1.0,0.0,0.0,29
15,16,2.0,0.0,0.0,29
15,17,2.0,0.0,0.0,29
15,18,1.0,0.0,0.0,29
16,15,2.0,0.0,0.0,29
17,15,2.0,0.0,0.0,29
18,15,1.0,0.0,0.0,29
18,19,1.0,0.0,0.0,29
18,20,1.0,0.0,0.0,29
18,21,1.0,0.0,0.0,29
19,18,1.0,0.0,0.0,29
20,18,1.0,0.0,0.0,29
21,18,1.0,0.0,0.0,29
0,1,1.0,0.0,0.0,30
1,0,1.0,0.0,0.0,30
1,2,1.0,0.0,0.0,30
2,1,1.0,0.0,0.0,30
2,3,1.0,0.0,0.0,30
3,2,1.0,0.0,0.0,30
3,4,1.0,0.0,0.0,30
4,3,1.0,0.0,0.0,30
4,5,1.0,0.0,0.0,30
5,4,1.0,0.0,0.0,30
5,6,1.0,0.0,0.0,30
6,5,1.0,0.0,0.0,30
6,7,1.0,0.0,0.0,30
7,6,1.0,0.0,0.0,30
7,8,1.0,0.0,0.0,30
8,7,1.0,0.0,0.0,30
9,10,1.0,0.0,0.0,30
9,17,1.0,0.0,0.0,30
10,9,1.0,0.0,0.0,30
10,11,2.0,0.0,0.0,30
10,12,2.0,0.0,0.0,30
10,13,1.0,0.0,0.0,30
11,10,2.0,0.0,0.0,30
12,10,2.0,0.0,0.0,30
13,10,1.0,0.0,0.0,30
13,14,1.0,0.0,0.0,30
13,15,1.0,0.0,0.0,30
13,16,1.0,0.0,0.0,30
14,13,1.0,0.0,0.0,30
15,13,1.0,0.0,0.0,30
16,13,1.0,0.0,0.0,30
17,9,1.0,0.0,0.0,30
17,18,2.0,0.0,0.0,30
17,19,2.0,0.0,0.0,30
17,20,1.0,0.0,0.0,30
18,17,2.0,0.0,0.0,30
19,17,2.0,0.0,0.0,30
20,17,1.0,0.0,0.0,30
20,21,1.0,0.0,0.0,30
20,22,1.0,0.0,0.0,30
20,23,1.0,0.0,0.0,30
21,20,1.0,0.0,0.0,30
22,20,1.0,0.0,0.0,30
23,20,1.0,0.0,0.0,30
0,1,1.0,0.0,0.0,31
0,7,1.0,0.0,0.0,31
1,0,1.0,0.0,0.0,31
1,2,1.5,1.0,1.0,31
1,5,1.5,1.0,1.0,31
2,1,1.5,1.0,1.0,31
2,3,1.5,1.0,1.0,31
3,2,1.5,1.0,1.0,31
3,4,1.5,1.0,1.0,31
3,6,1.0,0.0,0.0,31
4,3,1.5,1.0,1.0,31
4,5,1.5,1.0,1.0,31
5,1,1.5,1.0,1.0,31
5,4,1.5,1.0,1.0,31
6,3,1.0,0.0,0.0,31
7,0,1.0,0.0,0.0,31
7,8,1.0,0.0,0.0,31
8,7,1.0,0.0,0.0,31
8,9,1.0,0.0,0.0,31
9,8,1.0,0.0,0.0,31
10,11,2.0,0.0,0.0,31
10,12,2.0,0.0,0.0,31
10,13,1.0,0.0,0.0,31
10,14,1.0,0.0,0.0,31
11,10,2.0,0.0,0.0,31
12,10,2.0,0.0,0.0,31
13,10,1.0,0.0,0.0,31
14,10,1.0,0.0,0.0,31
0,1,1.0,0.0,0.0,32
0,2,1.0,0.0,0.0,32
1,0,1.0,0.0,0.0,32
2,0,1.0,0.0,0.0,32
3,4,1.0,0.0,0.0,32
3,11,1.0,0.0,0.0,32
4,3,1.0,0.0,0.0,32
4,5,2.0,0.0,0.0,32
4,6,2.0,0.0,0.0,32
4,7,1.0,0.0,0.0,32
5,4,2.0,0.0,0.0,32
6,4,2.0,0.0,0.0,32
7,4,1.0,0.0,0.0,32
7,8,1.0,0.0,0.0,32
7,9,1.0,0.0,0.0,32
7,10,1.0,0.0,0.0,32
8,7,1.0,0.0,0.0,32
9,7,1.0,0.0,0.0,32
10,7,1.0,0.0,0.0,32
11,3,1.0,0.0,0.0,32
11,12,2.0,0.0,0.0,32
11,13,2.0,0.0,0.0,32
11,14,1.0,0.0,0.0,32
12,11,2.0,0.0,0.0,32
13,11,2.0,0.0,0.0,32
14,11,1.0,0.0,0.0,32
14,15,1.0,0.0,0.0,32
14,16,1.0,0.0,0.0,32
14,17,1.0,0.0,0.0,32
15,14,1.0,0.0,0.0,32
16,14,1.0,0.0,0.0,32
17,14,1.0,0.0,0.0,32
0,1,1.0,0.0,0.0,33
1,0,1.0,0.0,0.0,33
2,3,1.0,0.0,0.0,33
3,2,1.0,0.0,0.0,33
3,4,2.0,1.0,0.0,33
3,5,1.0,1.0,0.0,33
4,3,2.0,1.0,0.0,33
5,3,1.0,1.0,0.0,33
0,1,1.0,0.0,1.0,34
0,4,1.0,1.0,1.0,34
0,23,2.0,1.0,0.0,34
1,0,1.0,0.0,1.0,34
1,2,1.0,0.0,1.0,34
1,13,1.0,0.0,0.0,34
2,1,1.0,0.0,1.0,34
2,3,1.0,0.0,1.0,34
2,12,1.0,0.0,0.0,34
3,2,1.0,0.0,1.0,34
3,4,1.0,1.0,1.0,34
3,11,2.0,1.0,0.0,34
4,0,1.0,1.0,1.0,34
4,3,1.0,1.0,1.0,34
4,5,1.0,1.0,0.0,34
5,4,1.0,1.0,0.0,34
5,6,1.5,1.0,1.0,34
5,10,1.5,1.0,1.0,34
6,5,1.5,1.0,1.0,34
6,7,1.5,1.0,1.0,34
7,6,1.5,1.0,1.0,34
7,8,1.5,1.0,1.0,34
8,7,1.5,1.0,1.0,34
8,9,1.5,1.0,1.0,34
9,8,1.5,1.0,1.0,34
9,10,1.5,1.0,1.0,34
10,5,1.5,1.0,1.0,34
10,9,1.5,1.0,1.0,34
11,3,2.0,1.0,0.0,34
12,2,1.0,0.0,0.0,34
13,1,1.0,0.0,0.0,34
13,14,1.0,0.0,0.0,34
13,15,1.0,0.0,0.0,34
14,13,1.0,0.0,0.0,34
15,13,1.0,0.0,0.0,34
15,16,1.0,0.0,0.0,34
15,17,1.0,0.0,0.0,34
16,15,1.0,0.0,0.0,34
17,15,1.0,0.0,0.0,34
17,18,1.5,1.0,1.0,34
17,22,1.5,1.0,1.0,34
18,17,1.5,1.0,1.0,34
18,19,1.5,1.0,1.0,34
19,18,1.5,1.0,1.0,34
19,20,1.5,1.0,1.0,34
20,19,1.5,1.0,1.0,34
20,21,1.5,1.0,1.0,34
21,20,1.5,1.0,1.0,34
21,22,1.5,1.0,1.0,34
22,17,1.5,1.0,1.0,34
22,21,1.5,1.0,1.0,34
23,0,2.0,1.0,0.0,34
24,25,1.0,0.0,0.0,34
24,26,1.0,0.0,0.0,34
24,27,1.0,0.0,0.0,34
24,28,1.0,0.0,0.0,34
25,24,1.0,0.0,0.0,34
26,24,1.0,0.0,0.0,34
27,24,1.0,0.0,0.0,34
28,24,1.0,0.0,0.0,34
0,1,1.0,0.0,0.0,35
0,7,1.0,0.0,0.0,35
1,0,1.0,0.0,0.0,35
1,2,1.0,0.0,0.0,35
2,1,1.0,0.0,0.0,35
2,3,1.0,0.0,0.0,35
3,2,1.0,0.0,0.0,35
3,4,2.0,0.0,0.0,35
3,5,2.0,0.0,0.0,35
3,6,1.0,0.0,0.0,35
4,3,2.0,0.0,0.0,35
5,3,2.0,0.0,0.0,35
6,3,1.0,0.0,0.0,35
7,0,1.0,0.0,0.0,35
7,8,1.5,1.0,1.0,35
7,11,1.5,1.0,1.0,35
8,7,1.5,1.0,1.0,35
8,9,1.5,1.0,1.0,35
9,8,1.5,1.0,1.0,35
9,10,1.5,1.0,1.0,35
9,12,1.0,0.0,0.0,35
10,9,1.5,1.0,1.0,35
10,11,1.5,1.0,1.0,35
11,7,1.5,1.0,1.0,35
11,10,1.5,1.0,1.0,35
12,9,1.0,0.0,0.0,35
12,13,1.0,0.0,0.0,35
13,12,1.0,0.0,0.0,35
14,15,1.0,0.0,0.0,35
14,21,1.0,0.0,0.0,35
15,14,1.0,0.0,0.0,35
15,16,1.0,0.0,0.0,35
16,15,1.0,0.0,0.0,35
16,17,1.0,0.0,0.0,35
17,16,1.0,0.0,0.0,35
17,18,2.0,0.0,0.0,35
17,19,2.0,0.0,0.0,35
17,20,1.0,0.0,0.0,35
18,17,2.0,0.0,0.0,35
19,17,2.0,0.0,0.0,35
20,17,1.0,0.0,0.0,35
21,14,1.0,0.0,0.0,35
21,22,1.5,1.0,1.0,35
21,25,1.5,1.0,1.0,35
22,21,1.5,1.0,1.0,35
22,23,1.5,1.0,1.0,35
23,22,1.5,1.0,1.0,35
23,24,1.5,1.0,1.0,35
23,26,1.0,0.0,0.0,35
24,23,1.5,1.0,1.0,35
24,25,1.5,1.0,1.0,35
25,21,1.5,1.0,1.0,35
25,24,1.5,1.0,1.0,35
26,23,1.0,0.0,0.0,35
26,27,1.0,0.0,0.0,35
27,26,1.0,0.0,0.0,35
0,1,1.0,0.0,0.0,36
0,7,1.0,0.0,0.0,36
1,0,1.0,0.0,0.0,36
1,2,1.5,1.0,1.0,36
1,5,1.5,1.0,1.0,36
2,1,1.5,1.0,1.0,36
2,3,1.5,1.0,1.0,36
3,2,1.5,1.0,1.0,36
3,4,1.5,1.0,1.0,36
4,3,1.5,1.0,1.0,36
4,5,1.5,1.0,1.0,36
4,6,1.0,0.0,0.0,36
5,1,1.5,1.0,1.0,36
5,4,1.5,1.0,1.0,36
6,4,1.0,0.0,0.0,36
7,0,1.0,0.0,0.0,36
7,8,1.5,1.0,1.0,36
7,12,1.5,1.0,1.0,36
8,7,1.5,1.0,1.0,36
8,9,1.5,1.0,1.0,36
9,8,1.5,1.0,1.0,36
9,10,1.5,1.0,1.0,36
10,9,1.5,1.0,1.0,36
10,11,1.5,1.0,1.0,36
11,10,1.5,1.0,1.0,36
11,12,1.5,1.0,1.0,36
12,7,1.5,1.0,1.0,36
12,11,1.5,1.0,1.0,36
0,1,1.0,0.0,0.0,37
0,7,1.0,0.0,0.0,37
1,0,1.0,0.0,0.0,37
1,2,1.5,1.0,1.0,37
1,5,1.5,1.0,1.0,37
2,1,1.5,1.0,1.0,37
2,3,1.5,1.0,1.0,37
3,2,1.5,1.0,1.0,37
3,4,1.5,1.0,1.0,37
3,6,1.0,0.0,0.0,37
4,3,1.5,1.0,1.0,37
4,5,1.5,1.0,1.0,37
5,1,1.5,1.0,1.0,37
5,4,1.5,1.0,1.0,37
6,3,1.0,0.0,0.0,37
7,0,1.0,0.0,0.0,37
7,8,1.0,0.0,0.0,37
8,7,1.0,0.0,0.0,37
8,9,1.0,0.0,0.0,37
9,8,1.0,0.0,0.0,37
10,11,2.0,1.0,0.0,37
11,10,2.0,1.0,0.0,37
11,12,2.0,1.0,0.0,37
12,11,2.0,1.0,0.0,37
0,1,1.5,1.0,1.0,38
0,4,1.5,1.0,1.0,38
0,14,1.0,0.0,0.0,38
1,0,1.5,1.0,1.0,38
1,2,1.5,1.0,1.0,38
2,1,1.5,1.0,1.0,38
2,3,1.5,1.0,1.0,38
2,5,1.0,0.0,0.0,38
3,2,1.5,1.0,1.0,38
3,4,1.5,1.0,1.0,38
4,0,1.5,1.0,1.0,38
4,3,1.5,1.0,1.0,38
5,2,1.0,0.0,0.0,38
5,6,1.0,0.0,1.0,38
5,13,1.0,0.0,1.0,38
6,5,1.0,0.0,1.0,38
6,7,1.0,0.0,1.0,38
7,6,1.0,0.0,1.0,38
7,8,1.0,0.0,1.0,38
7,12,1.0,0.0,1.0,38
8,7,1.0,0.0,1.0,38
8,9,1.0,0.0,1.0,38
9,8,1.0,0.0,1.0,38
9,10,1.0,0.0,1.0,38
10,9,1.0,0.0,1.0,38
10,11,1.0,0.0,1.0,38
11,10,1.0,0.0,1.0,38
11,12,1.0,0.0,1.0,38
11,13,1.0,0.0,1.0,38
12,7,1.0,0.0,1.0,38
12,11,1.0,0.0,1.0,38
13,5,1.0,0.0,1.0,38
13,11,1.0,0.0,1.0,38
14,0,1.0,0.0,0.0,38
14,15,1.0,0.0,1.0,38
14,22,1.0,0.0,1.0,38
15,14,1.0,0.0,1.0,38
15,16,1.0,0.0,1.0,38
16,15,1.0,0.0,1.0,38
16,17,1.0,0.0,1.0,38
16,21,1.0,0.0,1.0,38
17,16,1.0,0.0,1.0,38
17,18,1.0,0.0,1.0,38
18,17,1.0,0.0,1.0,38
18,19,1.0,0.0,1.0,38
19,18,1.0,0.0,1.0,38
19,20,1.0,0.0,1.0,38
20,19,1.0,0.0,1.0,38
20,21,1.0,0.0,1.0,38
20,22,1.0,0.0,1.0,38
21,16,1.0,0.0,1.0,38
21,20,1.0,0.0,1.0,38
22,14,1.0,0.0,1.0,38
22,20,1.0,0.0,1.0,38
23,24,1.0,0.0,0.0,38
23,25,1.0,0.0,0.0,38
23,26,1.0,0.0,0.0,38
23,27,1.0,0.0,0.0,38
24,23,1.0,0.0,0.0,38
25,23,1.0,0.0,0.0,38
26,23,1.0,0.0,0.0,38
27,23,1.0,0.0,0.0,38
0,1,1.5,1.0,1.0,39
0,4,1.5,1.0,1.0,39
0,11,1.0,0.0,0.0,39
1,0,1.5,1.0,1.0,39
1,2,1.5,1.0,1.0,39
2,1,1.5,1.0,1.0,39
2,3,1.5,1.0,1.0,39
3,2,1.5,1.0,1.0,39
3,4,1.5,1.0,1.0,39
3,5,1.0,0.0,0.0,39
4,0,1.5,1.0,1.0,39
4,3,1.5,1.0,1.0,39
5,3,1.0,0.0,0.0,39
5,6,1.0,0.0,1.0,39
5,10,1.0,0.0,1.0,39
6,5,1.0,0.0,1.0,39
6,7,1.0,0.0,1.0,39
7,6,1.0,0.0,1.0,39
7,8,1.0,0.0,1.0,39
8,7,1.0,0.0,1.0,39
8,9,1.0,0.0,1.0,39
9,8,1.0,0.0,1.0,39
9,10,1.0,0.0,1.0,39
10,5,1.0,0.0,1.0,39
10,9,1.0,0.0,1.0,39
11,0,1.0,0.0,0.0,39
11,12,1.0,0.0,1.0,39
11,16,1.0,0.0,1.0,39
12,11,1.0,0.0,1.0,39
12,13,1.0,0.0,1.0,39
13,12,1.0,0.0,1.0,39
13,14,1.0,0.0,1.0,39
14,13,1.0,0.0,1.0,39
14,15,1.0,0.0,1.0,39
15,14,1.0,0.0,1.0,39
15,16,1.0,0.0,1.0,39
16,11,1.0,0.0,1.0,39
16,15,1.0,0.0,1.0,39
17,18,1.0,0.0,0.0,39
17,19,1.0,0.0,0.0,39
17,20,1.0,0.0,0.0,39
17,21,1.0,0.0,0.0,39
18,17,1.0,0.0,0.0,39
19,17,1.0,0.0,0.0,39
20,17,1.0,0.0,0.0,39
21,17,1.0,0.0,0.0,39
0,1,1.0,0.0,0.0,40
1,0,1.0,0.0,0.0,40
1,2,1.0,0.0,0.0,40
2,1,1.0,0.0,0.0,40
2,3,1.5,1.0,1.0,40
2,6,1.5,1.0,1.0,40
3,2,1.5,1.0,1.0,40
3,4,1.5,1.0,1.0,40
4,3,1.5,1.0,1.0,40
4,5,1.5,1.0,1.0,40
5,4,1.5,1.0,1.0,40
5,6,1.5,1.0,1.0,40
5,7,1.0,0.0,0.0,40
6,2,1.5,1.0,1.0,40
6,5,1.5,1.0,1.0,40
7,5,1.0,0.0,0.0,40
8,9,1.0,0.0,0.0,40
8,10,1.0,0.0,0.0,40
8,11,1.0,0.0,0.0,40
8,12,1.0,0.0,0.0,40
9,8,1.0,0.0,0.0,40
10,8,1.0,0.0,0.0,40
11,8,1.0,0.0,0.0,40
12,8,1.0,0.0,0.0,40
0,1,1.0,0.0,0.0,41
0,7,1.0,0.0,0.0,41
1,0,1.0,0.0,0.0,41
1,2,1.5,1.0,1.0,41
1,5,1.5,1.0,1.0,41
2,1,1.5,1.0,1.0,41
2,3,1.5,1.0,1.0,41
3,2,1.5,1.0,1.0,41
3,4,1.5,1.0,1.0,41
3,6,1.0,0.0,0.0,41
4,3,1.5,1.0,1.0,41
4,5,1.5,1.0,1.0,41
5,1,1.5,1.0,1.0,41
5,4,1.5,1.0,1.0,41
6,3,1.0,0.0,0.0,41
7,0,1.0,0.0,0.0,41
7,8,1.0,0.0,0.0,41
8,7,1.0,0.0,0.0,41
8,9,1.0,0.0,0.0,41
9,8,1.0,0.0,0.0,41
10,11,1.0,0.0,0.0,41
10,12,1.0,0.0,0.0,41
10,13,1.0,0.0,0.0,41
10,14,1.0,0.0,0.0,41
11,10,1.0,0.0,0.0,41
12,10,1.0,0.0,0.0,41
13,10,1.0,0.0,0.0,41
14,10,1.0,0.0,0.0,41
0,1,1.0,0.0,0.0,42
1,0,1.0,0.0,0.0,42
1,2,1.0,0.0,0.0,42
2,1,1.0,0.0,0.0,42
2,3,1.0,0.0,0.0,42
3,2,1.0,0.0,0.0,42
3,4,1.0,0.0,0.0,42
4,3,1.0,0.0,0.0,42
4,5,1.0,0.0,0.0,42
4,9,1.0,0.0,0.0,42
4,13,1.0,0.0,0.0,42
5,4,1.0,0.0,0.0,42
5,6,1.0,0.0,0.0,42
6,5,1.0,0.0,0.0,42
6,7,1.0,0.0,0.0,42
7,6,1.0,0.0,0.0,42
7,8,1.0,0.0,0.0,42
8,7,1.0,0.0,0.0,42
9,4,1.0,0.0,0.0,42
9,10,1.0,0.0,0.0,42
10,9,1.0,0.0,0.0,42
10,11,1.0,0.0,0.0,42
11,10,1.0,0.0,0.0,42
11,12,1.0,0.0,0.0,42
12,11,1.0,0.0,0.0,42
13,4,1.0,0.0,0.0,42
13,14,1.0,0.0,0.0,42
14,13,1.0,0.0,0.0,42
14,15,1.0,0.0,0.0,42
15,14,1.0,0.0,0.0,42
15,16,1.0,0.0,0.0,42
16,15,1.0,0.0,0.0,42
17,18,2.0,0.0,0.0,42
17,19,2.0,0.0,0.0,42
17,20,1.0,0.0,0.0,42
17,24,1.0,0.0,0.0,42
18,17,2.0,0.0,0.0,42
19,17,2.0,0.0,0.0,42
20,17,1.0,0.0,0.0,42
20,21,1.0,0.0,0.0,42
20,22,1.0,0.0,0.0,42
20,23,1.0,0.0,0.0,42
21,20,1.0,0.0,0.0,42
22,20,1.0,0.0,0.0,42
23,20,1.0,0.0,0.0,42
24,17,1.0,0.0,0.0,42
0,1,1.5,1.0,1.0,43
0,5,1.5,1.0,1.0,43
1,0,1.5,1.0,1.0,43
1,2,1.5,1.0,1.0,43
2,1,1.5,1.0,1.0,43
2,3,1.5,1.0,1.0,43
3,2,1.5,1.0,1.0,43
3,4,1.5,1.0,1.0,43
4,3,1.5,1.0,1.0,43
4,5,1.5,1.0,1.0,43
5,0,1.5,1.0,1.0,43
5,4,1.5,1.0,1.0,43
5,6,1.0,0.0,0.0,43
6,5,1.0,0.0,0.0,43
6,7,1.0,0.0,0.0,43
7,6,1.0,0.0,0.0,43
8,9,2.0,1.0,0.0,43
8,10,1.0,1.0,0.0,43
9,8,2.0,1.0,0.0,43
10,8,1.0,1.0,0.0,43
0,1,1.0,0.0,0.0,44
0,7,1.0,0.0,0.0,44
1,0,1.0,0.0,0.0,44
1,2,1.5,1.0,1.0,44
1,5,1.5,1.0,1.0,44
2,1,1.5,1.0,1.0,44
2,3,1.5,1.0,1.0,44
3,2,1.5,1.0,1.0,44
3,4,1.5,1.0,1.0,44
3,6,1.0,0.0,0.0,44
4,3,1.5,1.0,1.0,44
4,5,1.5,1.0,1.0,44
5,1,1.5,1.0,1.0,44
5,4,1.5,1.0,1.0,44
6,3,1.0,0.0,0.0,44
7,0,1.0,0.0,0.0,44
7,8,1.0,0.0,0.0,44
8,7,1.0,0.0,0.0,44
8,9,1.0,0.0,0.0,44
9,8,1.0,0.0,0.0,44
10,11,2.0,1.0,0.0,44
11,10,2.0,1.0,0.0,44
11,12,2.0,1.0,0.0,44
12,11,2.0,1.0,0.0,44
0,1,1.0,0.0,0.0,45
1,0,1.0,0.0,0.0,45
2,3,1.0,0.0,0.0,45
3,2,1.0,0.0,0.0,45
3,4,2.0,1.0,0.0,45
3,5,1.0,1.0,0.0,45
4,3,2.0,1.0,0.0,45
5,3,1.0,1.0,0.0,45
0,1,1.5,1.0,1.0,46
0,5,1.5,1.0,1.0,46
0,9,1.0,1.0,0.0,46
1,0,1.5,1.0,1.0,46
1,2,1.5,1.0,1.0,46
2,1,1.5,1.0,1.0,46
2,3,1.5,1.0,1.0,46
3,2,1.5,1.0,1.0,46
3,4,1.5,1.0,1.0,46
3,6,1.0,1.0,0.0,46
4,3,1.5,1.0,1.0,46
4,5,1.5,1.0,1.0,46
5,0,1.5,1.0,1.0,46
5,4,1.5,1.0,1.0,46
6,3,1.0,1.0,0.0,46
6,7,1.0,0.0,0.0,46
6,8,2.0,1.0,0.0,46
7,6,1.0,0.0,0.0,46
8,6,2.0,1.0,0.0,46
9,0,1.0,1.0,0.0,46
9,10,1.0,0.0,0.0,46
9,11,1.0,0.0,0.0,46
10,9,1.0,0.0,0.0,46
11,9,1.0,0.0,0.0,46
12,13,1.0,0.0,0.0,46
13,12,1.0,0.0,0.0,46
13,14,2.0,1.0,0.0,46
13,15,1.0,1.0,0.0,46
14,13,2.0,1.0,0.0,46
15,13,1.0,1.0,0.0,46
0,1,2.0,0.0,0.0,47
1,0,2.0,0.0,0.0,47
1,2,1.0,0.0,0.0,47
2,1,1.0,0.0,0.0,47
3,4,2.0,1.0,0.0,47
4,3,2.0,1.0,0.0,47
4,5,2.0,1.0,0.0,47
5,4,2.0,1.0,0.0,47
0,1,1.0,0.0,0.0,48
1,0,1.0,0.0,0.0,48
1,2,1.0,0.0,0.0,48
2,1,1.0,0.0,0.0,48
2,3,1.5,1.0,1.0,48
2,6,1.5,1.0,1.0,48
3,2,1.5,1.0,1.0,48
3,4,1.5,1.0,1.0,48
4,3,1.5,1.0,1.0,48
4,5,1.5,1.0,1.0,48
5,4,1.5,1.0,1.0,48
5,6,1.5,1.0,1.0,48
5,7,1.0,0.0,0.0,48
6,2,1.5,1.0,1.0,48
6,5,1.5,1.0,1.0,48
7,5,1.0,0.0,0.0,48
8,9,1.0,0.0,0.0,48
8,11,1.0,1.0,0.0,48
8,12,2.0,1.0,0.0,48
9,8,1.0,0.0,0.0,48
9,10,1.0,0.0,0.0,48
10,9,1.0,0.0,0.0,48
11,8,1.0,1.0,0.0,48
12,8,2.0,1.0,0.0,48
0,1,1.0,0.0,0.0,49
1,0,1.0,0.0,0.0,49
2,3,1.0,0.0,0.0,49
3,2,1.0,0.0,0.0,49
3,4,2.0,1.0,0.0,49
3,5,1.0,1.0,0.0,49
4,3,2.0,1.0,0.0,49
5,3,1.0,1.0,0.0,49
0,1,1.5,1.0,1.0,50
0,5,1.5,1.0,1.0,50
0,7,1.0,0.0,0.0,50
1,0,1.5,1.0,1.0,50
1,2,1.5,1.0,1.0,50
2,1,1.5,1.0,1.0,50
2,3,1.5,1.0,1.0,50
3,2,1.5,1.0,1.0,50
3,4,1.5,1.0,1.0,50
3,6,1.0,0.0,0.0,50
4,3,1.5,1.0,1.0,50
4,5,1.5,1.0,1.0,50
5,0,1.5,1.0,1.0,50
5,4,1.5,1.0,1.0,50
6,3,1.0,0.0,0.0,50
7,0,1.0,0.0,0.0,50
7,8,1.0,0.0,0.0,50
7,9,1.0,0.0,0.0,50
8,7,1.0,0.0,0.0,50
9,7,1.0,0.0,0.0,50
10,11,1.0,0.0,0.0,50
10,18,1.0,0.0,0.0,50
11,10,1.0,0.0,0.0,50
11,12,2.0,0.0,0.0,50
11,13,2.0,0.0,0.0,50
11,14,1.0,0.0,0.0,50
12,11,2.0,0.0,0.0,50
13,11,2.0,0.0,0.0,50
14,11,1.0,0.0,0.0,50
14,15,1.0,0.0,0.0,50
14,16,1.0,0.0,0.0,50
14,17,1.0,0.0,0.0,50
15,14,1.0,0.0,0.0,50
16,14,1.0,0.0,0.0,50
17,14,1.0,0.0,0.0,50
18,10,1.0,0.0,0.0,50
18,19,2.0,0.0,0.0,50
18,20,2.0,0.0,0.0,50
18,21,1.0,0.0,0.0,50
19,18,2.0,0.0,0.0,50
20,18,2.0,0.0,0.0,50
21,18,1.0,0.0,0.0,50
21,22,1.0,0.0,0.0,50
21,23,1.0,0.0,0.0,50
21,24,1.0,0.0,0.0,50
22,21,1.0,0.0,0.0,50
23,21,1.0,0.0,0.0,50
24,21,1.0,0.0,0.0,50
0,1,1.5,1.0,1.0,51
0,5,1.5,1.0,1.0,51
0,7,1.0,0.0,0.0,51
1,0,1.5,1.0,1.0,51
1,2,1.5,1.0,1.0,51
2,1,1.5,1.0,1.0,51
2,3,1.5,1.0,1.0,51
3,2,1.5,1.0,1.0,51
3,4,1.5,1.0,1.0,51
3,6,1.0,0.0,0.0,51
4,3,1.5,1.0,1.0,51
4,5,1.5,1.0,1.0,51
5,0,1.5,1.0,1.0,51
5,4,1.5,1.0,1.0,51
6,3,1.0,0.0,0.0,51
7,0,1.0,0.0,0.0,51
7,8,1.0,0.0,0.0,51
7,9,1.0,0.0,0.0,51
7,10,1.0,0.0,0.0,51
8,7,1.0,0.0,0.0,51
9,7,1.0,0.0,0.0,51
10,7,1.0,0.0,0.0,51
11,12,1.0,0.0,0.0,51
11,19,1.0,0.0,0.0,51
12,11,1.0,0.0,0.0,51
12,13,2.0,0.0,0.0,51
12,14,2.0,0.0,0.0,51
12,15,1.0,0.0,0.0,51
13,12,2.0,0.0,0.0,51
14,12,2.0,0.0,0.0,51
15,12,1.0,0.0,0.0,51
15,16,1.0,0.0,0.0,51
15,17,1.0,0.0,0.0,51
15,18,1.0,0.0,0.0,51
16,15,1.0,0.0,0.0,51
17,15,1.0,0.0,0.0,51
18,15,1.0,0.0,0.0,51
19,11,1.0,0.0,0.0,51
19,20,2.0,0.0,0.0,51
19,21,2.0,0.0,0.0,51
19,22,1.0,0.0,0.0,51
20,19,2.0,0.0,0.0,51
21,19,2.0,0.0,0.0,51
22,19,1.0,0.0,0.0,51
22,23,1.0,0.0,0.0,51
22,24,1.0,0.0,0.0,51
22,25,1.0,0.0,0.0,51
23,22,1.0,0.0,0.0,51
24,22,1.0,0.0,0.0,51
25,22,1.0,0.0,0.0,51
0,1,1.0,0.0,0.0,52
0,7,1.0,0.0,0.0,52
1,0,1.0,0.0,0.0,52
1,2,1.5,1.0,1.0,52
1,5,1.5,1.0,1.0,52
2,1,1.5,1.0,1.0,52
2,3,1.5,1.0,1.0,52
3,2,1.5,1.0,1.0,52
3,4,1.5,1.0,1.0,52
3,6,1.0,0.0,0.0,52
4,3,1.5,1.0,1.0,52
4,5,1.5,1.0,1.0,52
5,1,1.5,1.0,1.0,52
5,4,1.5,1.0,1.0,52
6,3,1.0,0.0,0.0,52
7,0,1.0,0.0,0.0,52
7,8,1.0,0.0,0.0,52
8,7,1.0,0.0,0.0,52
8,9,1.0,0.0,0.0,52
9,8,1.0,0.0,0.0,52
10,11,1.0,0.0,0.0,52
10,12,1.0,0.0,0.0,52
10,13,1.0,0.0,0.0,52
10,14,1.0,0.0,0.0,52
11,10,1.0,0.0,0.0,52
12,10,1.0,0.0,0.0,52
13,10,1.0,0.0,0.0,52
14,10,1.0,0.0,0.0,52
0,1,1.0,0.0,0.0,53
0,7,1.0,0.0,0.0,53
1,0,1.0,0.0,0.0,53
1,2,1.5,1.0,1.0,53
1,5,1.5,1.0,1.0,53
2,1,1.5,1.0,1.0,53
2,3,1.5,1.0,1.0,53
3,2,1.5,1.0,1.0,53
3,4,1.5,1.0,1.0,53
3,6,1.0,0.0,0.0,53
4,3,1.5,1.0,1.0,53
4,5,1.5,1.0,1.0,53
5,1,1.5,1.0,1.0,53
5,4,1.5,1.0,1.0,53
6,3,1.0,0.0,0.0,53
7,0,1.0,0.0,0.0,53
7,8,1.0,0.0,0.0,53
8,7,1.0,0.0,0.0,53
8,9,1.0,0.0,0.0,53
9,8,1.0,0.0,0.0,53
10,11,2.0,0.0,0.0,53
10,12,1.0,0.0,0.0,53
10,17,1.0,0.0,0.0,53
10,22,1.0,0.0,0.0,53
11,10,2.0,0.0,0.0,53
12,10,1.0,0.0,0.0,53
12,13,1.0,0.0,0.0,53
13,12,1.0,0.0,0.0,53
13,14,1.0,0.0,0.0,53
14,13,1.0,0.0,0.0,53
14,15,1.0,0.0,0.0,53
15,14,1.0,0.0,0.0,53
15,16,1.0,0.0,0.0,53
16,15,1.0,0.0,0.0,53
17,10,1.0,0.0,0.0,53
17,18,1.0,0.0,0.0,53
18,17,1.0,0.0,0.0,53
18,19,1.0,0.0,0.0,53
19,18,1.0,0.0,0.0,53
19,20,1.0,0.0,0.0,53
20,19,1.0,0.0,0.0,53
20,21,1.0,0.0,0.0,53
21,20,1.0,0.0,0.0,53
22,10,1.0,0.0,0.0,53
0,1,1.0,0.0,0.0,54
0,7,1.0,0.0,0.0,54
1,0,1.0,0.0,0.0,54
1,2,1.5,1.0,1.0,54
1,5,1.5,1.0,1.0,54
2,1,1.5,1.0,1.0,54
2,3,1.5,1.0,1.0,54
3,2,1.5,1.0,1.0,54
3,4,1.5,1.0,1.0,54
3,6,1.0,0.0,0.0,54
4,3,1.5,1.0,1.0,54
4,5,1.5,1.0,1.0,54
5,1,1.5,1.0,1.0,54
5,4,1.5,1.0,1.0,54
6,3,1.0,0.0,0.0,54
7,0,1.0,0.0,0.0,54
7,8,1.0,0.0,0.0,54
8,7,1.0,0.0,0.0,54
8,9,1.0,0.0,0.0,54
9,8,1.0,0.0,0.0,54
10,11,1.0,0.0,0.0,54
10,12,1.0,0.0,0.0,54
10,13,1.0,0.0,0.0,54
10,14,1.0,0.0,0.0,54
10,15,1.0,0.0,0.0,54
10,16,1.0,0.0,0.0,54
11,10,1.0,0.0,0.0,54
12,10,1.0,0.0,0.0,54
13,10,1.0,0.0,0.0,54
14,10,1.0,0.0,0.0,54
15,10,1.0,0.0,0.0,54
16,10,1.0,0.0,0.0,54
0,1,1.0,0.0,0.0,55
1,0,1.0,0.0,0.0,55
2,3,1.0,0.0,0.0,55
3,2,1.0,0.0,0.0,55
3,4,2.0,1.0,0.0,55
3,5,1.0,1.0,0.0,55
4,3,2.0,1.0,0.0,55
5,3,1.0,1.0,0.0,55
0,1,1.0,0.0,0.0,56
1,0,1.0,0.0,0.0,56
2,3,1.0,0.0,0.0,56
3,2,1.0,0.0,0.0,56
3,4,2.0,1.0,0.0,56
3,5,1.0,1.0,0.0,56
4,3,2.0,1.0,0.0,56
5,3,1.0,1.0,0.0,56
0,1,1.0,0.0,1.0,57
0,5,1.0,0.0,1.0,57
1,0,1.0,0.0,1.0,57
1,2,1.0,0.0,1.0,57
2,1,1.0,0.0,1.0,57
2,3,1.0,0.0,1.0,57
3,2,1.0,0.0,1.0,57
3,4,1.0,0.0,1.0,57
3,6,1.0,0.0,0.0,57
3,10,1.0,0.0,0.0,57
4,3,1.0,0.0,1.0,57
4,5,1.0,0.0,1.0,57
5,0,1.0,0.0,1.0,57
5,4,1.0,0.0,1.0,57
6,3,1.0,0.0,0.0,57
6,7,1.0,0.0,0.0,57
7,6,1.0,0.0,0.0,57
7,8,1.0,0.0,0.0,57
8,7,1.0,0.0,0.0,57
8,9,1.0,0.0,0.0,57
9,8,1.0,0.0,0.0,57
10,3,1.0,0.0,0.0,57
0,1,1.0,0.0,0.0,58
0,7,1.0,0.0,0.0,58
1,0,1.0,0.0,0.0,58
1,2,1.5,1.0,1.0,58
1,5,1.5,1.0,1.0,58
2,1,1.5,1.0,1.0,58
2,3,1.5,1.0,1.0,58
3,2,1.5,1.0,1.0,58
3,4,1.5,1.0,1.0,58
3,6,1.0,0.0,0.0,58
4,3,1.5,1.0,1.0,58
4,5,1.5,1.0,1.0,58
5,1,1.5,1.0,1.0,58
5,4,1.5,1.0,1.0,58
6,3,1.0,0.0,0.0,58
7,0,1.0,0.0,0.0,58
7,8,1.0,0.0,0.0,58
8,7,1.0,0.0,0.0,58
8,9,1.0,0.0,0.0,58
9,8,1.0,0.0,0.0,58
10,11,1.0,0.0,0.0,58
10,12,1.0,0.0,0.0,58
10,13,1.0,0.0,0.0,58
10,14,1.0,0.0,0.0,58
10,15,1.0,0.0,0.0,58
10,16,1.0,0.0,0.0,58
11,10,1.0,0.0,0.0,58
12,10,1.0,0.0,0.0,58
13,10,1.0,0.0,0.0,58
14,10,1.0,0.0,0.0,58
15,10,1.0,0.0,0.0,58
16,10,1.0,0.0,0.0,58
0,1,1.0,0.0,0.0,59
0,7,1.0,0.0,0.0,59
1,0,1.0,0.0,0.0,59
1,2,1.5,1.0,1.0,59
1,5,1.5,1.0,1.0,59
2,1,1.5,1.0,1.0,59
2,3,1.5,1.0,1.0,59
3,2,1.5,1.0,1.0,59
3,4,1.5,1.0,1.0,59
3,6,1.0,0.0,0.0,59
4,3,1.5,1.0,1.0,59
4,5,1.5,1.0,1.0,59
5,1,1.5,1.0,1.0,59
5,4,1.5,1.0,1.0,59
6,3,1.0,0.0,0.0,59
7,0,1.0,0.0,0.0,59
7,8,1.0,0.0,0.0,59
8,7,1.0,0.0,0.0,59
8,9,1.0,0.0,0.0,59
9,8,1.0,0.0,0.0,59
9,10,1.0,0.0,0.0,59
10,9,1.0,0.0,0.0,59
10,11,1.0,0.0,0.0,59
11,10,1.0,0.0,0.0,59
11,12,1.0,0.0,0.0,59
12,11,1.0,0.0,0.0,59
12,13,1.0,0.0,0.0,59
13,12,1.0,0.0,0.0,59
0,1,1.5,1.0,1.0,60
0,5,1.5,1.0,1.0,60
0,26,1.0,0.0,0.0,60
1,0,1.5,1.0,1.0,60
1,2,1.5,1.0,1.0,60
2,1,1.5,1.0,1.0,60
2,3,1.5,1.0,1.0,60
3,2,1.5,1.0,1.0,60
3,4,1.5,1.0,1.0,60
3,13,1.5,1.0,1.0,60
4,3,1.5,1.0,1.0,60
4,5,1.5,1.0,1.0,60
4,6,1.5,1.0,1.0,60
5,0,1.5,1.0,1.0,60
5,4,1.5,1.0,1.0,60
6,4,1.5,1.0,1.0,60
6,7,1.5,1.0,1.0,60
6,20,1.0,1.0,0.0,60
7,6,1.5,1.0,1.0,60
7,8,1.5,1.0,1.0,60
7,14,1.0,1.0,0.0,60
8,7,1.5,1.0,1.0,60
8,9,1.5,1.0,1.0,60
8,13,1.5,1.0,1.0,60
9,8,1.5,1.0,1.0,60
9,10,1.5,1.0,1.0,60
10,9,1.5,1.0,1.0,60
10,11,1.5,1.0,1.0,60
11,10,1.5,1.0,1.0,60
11,12,1.5,1.0,1.0,60
12,11,1.5,1.0,1.0,60
12,13,1.5,1.0,1.0,60
13,3,1.5,1.0,1.0,60
13,8,1.5,1.0,1.0,60
13,12,1.5,1.0,1.0,60
14,7,1.0,1.0,0.0,60
14,15,1.5,1.0,1.0,60
14,19,1.5,1.0,1.0,60
15,14,1.5,1.0,1.0,60
15,16,1.5,1.0,1.0,60
16,15,1.5,1.0,1.0,60
16,17,1.5,1.0,1.0,60
17,16,1.5,1.0,1.0,60
17,18,1.5,1.0,1.0,60
18,17,1.5,1.0,1.0,60
18,19,1.5,1.0,1.0,60
19,14,1.5,1.0,1.0,60
19,18,1.5,1.0,1.0,60
20,6,1.0,1.0,0.0,60
20,21,1.5,1.0,1.0,60
20,25,1.5,1.0,1.0,60
21,20,1.5,1.0,1.0,60
21,22,1.5,1.0,1.0,60
22,21,1.5,1.0,1.0,60
22,23,1.5,1.0,1.0,60
23,22,1.5,1.0,1.0,60
23,24,1.5,1.0,1.0,60
24,23,1.5,1.0,1.0,60
24,25,1.5,1.0,1.0,60
25,20,1.5,1.0,1.0,60
25,24,1.5,1.0,1.0,60
26,0,1.0,0.0,0.0,60
27,28,1.0,0.0,0.0,60
27,29,1.0,0.0,0.0,60
27,30,1.0,0.0,0.0,60
27,31,1.0,0.0,0.0,60
27,32,1.0,0.0,0.0,60
27,33,1.0,0.0,0.0,60
28,27,1.0,0.0,0.0,60
29,27,1.0,0.0,0.0,60
30,27,1.0,0.0,0.0,60
31,27,1.0,0.0,0.0,60
32,27,1.0,0.0,0.0,60
33,27,1.0,0.0,0.0,60
0,1,1.0,0.0,0.0,61
0,7,1.0,0.0,0.0,61
1,0,1.0,0.0,0.0,61
1,2,1.5,1.0,1.0,61
1,5,1.5,1.0,1.0,61
2,1,1.5,1.0,1.0,61
2,3,1.5,1.0,1.0,61
3,2,1.5,1.0,1.0,61
3,4,1.5,1.0,1.0,61
3,6,1.0,0.0,0.0,61
4,3,1.5,1.0,1.0,61
4,5,1.5,1.0,1.0,61
5,1,1.5,1.0,1.0,61
5,4,1.5,1.0,1.0,61
6,3,1.0,0.0,0.0,61
7,0,1.0,0.0,0.0,61
7,8,1.0,0.0,0.0,61
8,7,1.0,0.0,0.0,61
8,9,1.0,0.0,0.0,61
9,8,1.0,0.0,0.0,61
0,1,1.0,0.0,0.0,62
0,7,1.0,0.0,0.0,62
1,0,1.0,0.0,0.0,62
1,2,1.5,1.0,1.0,62
1,5,1.5,1.0,1.0,62
2,1,1.5,1.0,1.0,62
2,3,1.5,1.0,1.0,62
3,2,1.5,1.0,1.0,62
3,4,1.5,1.0,1.0,62
3,6,1.0,0.0,0.0,62
4,3,1.5,1.0,1.0,62
4,5,1.5,1.0,1.0,62
5,1,1.5,1.0,1.0,62
5,4,1.5,1.0,1.0,62
6,3,1.0,0.0,0.0,62
7,0,1.0,0.0,0.0,62
7,8,1.0,0.0,0.0,62
8,7,1.0,0.0,0.0,62
8,9,1.0,0.0,0.0,62
9,8,1.0,0.0,0.0,62
10,11,1.0,0.0,0.0,62
10,12,1.0,0.0,0.0,62
10,13,1.0,0.0,0.0,62
10,14,1.0,0.0,0.0,62
11,10,1.0,0.0,0.0,62
12,10,1.0,0.0,0.0,62
13,10,1.0,0.0,0.0,62
14,10,1.0,0.0,0.0,62
0,1,1.0,0.0,0.0,63
0,7,1.0,0.0,0.0,63
1,0,1.0,0.0,0.0,63
1,2,1.5,1.0,1.0,63
1,5,1.5,1.0,1.0,63
2,1,1.5,1.0,1.0,63
2,3,1.5,1.0,1.0,63
3,2,1.5,1.0,1.0,63
3,4,1.5,1.0,1.0,63
3,6,1.0,0.0,0.0,63
4,3,1.5,1.0,1.0,63
4,5,1.5,1.0,1.0,63
5,1,1.5,1.0,1.0,63
5,4,1.5,1.0,1.0,63
6,3,1.0,0.0,0.0,63
7,0,1.0,0.0,0.0,63
7,8,1.0,0.0,0.0,63
8,7,1.0,0.0,0.0,63
8,9,1.0,0.0,0.0,63
9,8,1.0,0.0,0.0,63
10,11,1.0,1.0,0.0,63
10,13,1.0,1.0,0.0,63
11,10,1.0,1.0,0.0,63
11,12,3.0,1.0,0.0,63
12,11,3.0,1.0,0.0,63
13,10,1.0,1.0,0.0,63
13,14,3.0,1.0,0.0,63
14,13,3.0,1.0,0.0,63
0,1,1.0,0.0,0.0,64
0,7,1.0,0.0,0.0,64
1,0,1.0,0.0,0.0,64
1,2,1.5,1.0,1.0,64
1,5,1.5,1.0,1.0,64
2,1,1.5,1.0,1.0,64
2,3,1.5,1.0,1.0,64
3,2,1.5,1.0,1.0,64
3,4,1.5,1.0,1.0,64
3,6,1.0,0.0,0.0,64
4,3,1.5,1.0,1.0,64
4,5,1.5,1.0,1.0,64
5,1,1.5,1.0,1.0,64
5,4,1.5,1.0,1.0,64
6,3,1.0,0.0,0.0,64
7,0,1.0,0.0,0.0,64
7,8,1.0,0.0,0.0,64
8,7,1.0,0.0,0.0,64
8,9,1.0,0.0,0.0,64
9,8,1.0,0.0,0.0,64
10,11,2.0,1.0,0.0,64
11,10,2.0,1.0,0.0,64
11,12,2.0,1.0,0.0,64
12,11,2.0,1.0,0.0,64
0,1,1.0,0.0,0.0,65
0,7,1.0,0.0,0.0,65
1,0,1.0,0.0,0.0,65
1,2,1.5,1.0,1.0,65
1,5,1.5,1.0,1.0,65
2,1,1.5,1.0,1.0,65
2,3,1.5,1.0,1.0,65
3,2,1.5,1.0,1.0,65
3,4,1.5,1.0,1.0,65
3,6,1.0,0.0,0.0,65
4,3,1.5,1.0,1.0,65
4,5,1.5,1.0,1.0,65
5,1,1.5,1.0,1.0,65
5,4,1.5,1.0,1.0,65
6,3,1.0,0.0,0.0,65
7,0,1.0,0.0,0.0,65
7,8,1.0,0.0,0.0,65
8,7,1.0,0.0,0.0,65
8,9,1.0,0.0,0.0,65
9,8,1.0,0.0,0.0,65
10,11,1.0,0.0,0.0,65
10,18,1.0,0.0,0.0,65
11,10,1.0,0.0,0.0,65
11,12,2.0,0.0,0.0,65
11,13,2.0,0.0,0.0,65
11,14,1.0,0.0,0.0,65
12,11,2.0,0.0,0.0,65
13,11,2.0,0.0,0.0,65
14,11,1.0,0.0,0.0,65
14,15,1.0,0.0,0.0,65
14,16,1.0,0.0,0.0,65
14,17,1.0,0.0,0.0,65
15,14,1.0,0.0,0.0,65
16,14,1.0,0.0,0.0,65
17,14,1.0,0.0,0.0,65
18,10,1.0,0.0,0.0,65
18,19,2.0,0.0,0.0,65
18,20,2.0,0.0,0.0,65
18,21,1.0,0.0,0.0,65
19,18,2.0,0.0,0.0,65
20,18,2.0,0.0,0.0,65
21,18,1.0,0.0,0.0,65
21,22,1.0,0.0,0.0,65
21,23,1.0,0.0,0.0,65
21,24,1.0,0.0,0.0,65
22,21,1.0,0.0,0.0,65
23,21,1.0,0.0,0.0,65
24,21,1.0,0.0,0.0,65
0,1,1.0,0.0,0.0,66
1,0,1.0,0.0,0.0,66
1,2,1.0,0.0,0.0,66
2,1,1.0,0.0,0.0,66
2,3,1.5,1.0,1.0,66
2,6,1.5,1.0,1.0,66
3,2,1.5,1.0,1.0,66
3,4,1.5,1.0,1.0,66
4,3,1.5,1.0,1.0,66
4,5,1.5,1.0,1.0,66
5,4,1.5,1.0,1.0,66
5,6,1.5,1.0,1.0,66
5,7,1.0,0.0,0.0,66
6,2,1.5,1.0,1.0,66
6,5,1.5,1.0,1.0,66
7,5,1.0,0.0,0.0,66
8,9,2.0,1.0,0.0,66
9,8,2.0,1.0,0.0,66
9,10,2.0,1.0,0.0,66
10,9,2.0,1.0,0.0,66
0,1,1.0,0.0,0.0,67
1,0,1.0,0.0,0.0,67
1,2,1.5,1.0,1.0,67
1,5,1.5,1.0,1.0,67
2,1,1.5,1.0,1.0,67
2,3,1.5,1.0,1.0,67
3,2,1.5,1.0,1.0,67
3,4,1.5,1.0,1.0,67
4,3,1.5,1.0,1.0,67
4,5,1.5,1.0,1.0,67
4,6,1.0,0.0,0.0,67
5,1,1.5,1.0,1.0,67
5,4,1.5,1.0,1.0,67
6,4,1.0,0.0,0.0,67
0,1,1.0,0.0,0.0,68
0,7,1.0,0.0,0.0,68
1,0,1.0,0.0,0.0,68
1,2,1.5,1.0,1.0,68
1,5,1.5,1.0,1.0,68
2,1,1.5,1.0,1.0,68
2,3,1.5,1.0,1.0,68
3,2,1.5,1.0,1.0,68
3,4,1.5,1.0,1.0,68
3,6,1.0,0.0,0.0,68
4,3,1.5,1.0,1.0,68
4,5,1.5,1.0,1.0,68
5,1,1.5,1.0,1.0,68
5,4,1.5,1.0,1.0,68
6,3,1.0,0.0,0.0,68
7,0,1.0,0.0,0.0,68
7,8,1.0,1.0,0.0,68
7,9,2.0,1.0,0.0,68
8,7,1.0,1.0,0.0,68
9,7,2.0,1.0,0.0,68
0,1,1.0,0.0,0.0,69
0,9,1.0,0.0,0.0,69
1,0,1.0,0.0,0.0,69
1,2,1.5,1.0,1.0,69
1,5,1.5,1.0,1.0,69
2,1,1.5,1.0,1.0,69
2,3,1.5,1.0,1.0,69
3,2,1.5,1.0,1.0,69
3,4,1.5,1.0,1.0,69
3,6,1.0,0.0,0.0,69
4,3,1.5,1.0,1.0,69
4,5,1.5,1.0,1.0,69
5,1,1.5,1.0,1.0,69
5,4,1.5,1.0,1.0,69
6,3,1.0,0.0,0.0,69
6,7,1.0,0.0,0.0,69
6,8,1.0,0.0,0.0,69
7,6,1.0,0.0,0.0,69
8,6,1.0,0.0,0.0,69
9,0,1.0,0.0,0.0,69
9,10,1.0,0.0,0.0,69
10,9,1.0,0.0,0.0,69
10,11,1.0,0.0,0.0,69
11,10,1.0,0.0,0.0,69
11,12,1.0,0.0,0.0,69
11,14,1.0,0.0,0.0,69
11,16,1.0,0.0,0.0,69
12,11,1.0,0.0,0.0,69
12,13,1.0,0.0,0.0,69
13,12,1.0,0.0,0.0,69
14,11,1.0,0.0,0.0,69
14,15,1.0,0.0,0.0,69
15,14,1.0,0.0,0.0,69
16,11,1.0,0.0,0.0,69
16,17,1.0,0.0,0.0,69
17,16,1.0,0.0,0.0,69
0,1,1.0,0.0,0.0,70
0,7,1.0,0.0,0.0,70
1,0,1.0,0.0,0.0,70
1,2,1.5,1.0,1.0,70
1,5,1.5,1.0,1.0,70
2,1,1.5,1.0,1.0,70
2,3,1.5,1.0,1.0,70
3,2,1.5,1.0,1.0,70
3,4,1.5,1.0,1.0,70
3,6,1.0,0.0,0.0,70
4,3,1.5,1.0,1.0,70
4,5,1.5,1.0,1.0,70
5,1,1.5,1.0,1.0,70
5,4,1.5,1.0,1.0,70
6,3,1.0,0.0,0.0,70
7,0,1.0,0.0,0.0,70
7,8,1.0,0.0,0.0,70
8,7,1.0,0.0,0.0,70
8,9,1.0,0.0,0.0,70
9,8,1.0,0.0,0.0,70
10,11,1.0,0.0,0.0,70
10,12,1.0,0.0,0.0,70
10,13,1.0,0.0,0.0,70
10,14,1.0,0.0,0.0,70
10,15,1.0,0.0,0.0,70
10,16,1.0,0.0,0.0,70
11,10,1.0,0.0,0.0,70
12,10,1.0,0.0,0.0,70
13,10,1.0,0.0,0.0,70
14,10,1.0,0.0,0.0,70
15,10,1.0,0.0,0.0,70
16,10,1.0,0.0,0.0,70
0,1,1.0,0.0,1.0,71
0,5,1.0,0.0,1.0,71
1,0,1.0,0.0,1.0,71
1,2,1.0,0.0,1.0,71
2,1,1.0,0.0,1.0,71
2,3,1.0,0.0,1.0,71
3,2,1.0,0.0,1.0,71
3,4,1.0,0.0,1.0,71
3,6,1.0,0.0,0.0,71
3,10,1.0,0.0,0.0,71
4,3,1.0,0.0,1.0,71
4,5,1.0,0.0,1.0,71
5,0,1.0,0.0,1.0,71
5,4,1.0,0.0,1.0,71
6,3,1.0,0.0,0.0,71
6,7,1.0,0.0,0.0,71
7,6,1.0,0.0,0.0,71
7,8,1.0,0.0,0.0,71
8,7,1.0,0.0,0.0,71
8,9,1.0,0.0,0.0,71
9,8,1.0,0.0,0.0,71
10,3,1.0,0.0,0.0,71
11,12,1.0,0.0,0.0,71
11,19,1.0,0.0,0.0,71
12,11,1.0,0.0,0.0,71
12,13,2.0,0.0,0.0,71
12,14,2.0,0.0,0.0,71
12,15,1.0,0.0,0.0,71
13,12,2.0,0.0,0.0,71
14,12,2.0,0.0,0.0,71
15,12,1.0,0.0,0.0,71
15,16,1.0,0.0,0.0,71
15,17,1.0,0.0,0.0,71
15,18,1.0,0.0,0.0,71
16,15,1.0,0.0,0.0,71
17,15,1.0,0.0,0.0,71
18,15,1.0,0.0,0.0,71
19,11,1.0,0.0,0.0,71
19,20,2.0,0.0,0.0,71
19,21,2.0,0.0,0.0,71
19,22,1.0,0.0,0.0,71
20,19,2.0,0.0,0.0,71
21,19,2.0,0.0,0.0,71
22,19,1.0,0.0,0.0,71
22,23,1.0,0.0,0.0,71
22,24,1.0,0.0,0.0,71
22,25,1.0,0.0,0.0,71
23,22,1.0,0.0,0.0,71
24,22,1.0,0.0,0.0,71
25,22,1.0,0.0,0.0,71
0,1,1.0,0.0,0.0,72
0,7,1.0,0.0,0.0,72
1,0,1.0,0.0,0.0,72
1,2,1.5,1.0,1.0,72
1,5,1.5,1.0,1.0,72
2,1,1.5,1.0,1.0,72
2,3,1.5,1.0,1.0,72
3,2,1.5,1.0,1.0,72
3,4,1.5,1.0,1.0,72
3,6,1.0,0.0,0.0,72
4,3,1.5,1.0,1.0,72
4,5,1.5,1.0,1.0,72
5,1,1.5,1.0,1.0,72
5,4,1.5,1.0,1.0,72
6,3,1.0,0.0,0.0,72
7,0,1.0,0.0,0.0,72
7,8,2.0,0.0,0.0,72
8,7,2.0,0.0,0.0,72
9,10,1.0,0.0,0.0,72
9,11,1.0,0.0,0.0,72
9,12,1.0,0.0,0.0,72
9,13,1.0,0.0,0.0,72
10,9,1.0,0.0,0.0,72
11,9,1.0,0.0,0.0,72
12,9,1.0,0.0,0.0,72
13,9,1.0,0.0,0.0,72
0,1,1.0,0.0,0.0,73
0,7,1.0,0.0,0.0,73
1,0,1.0,0.0,0.0,73
1,2,1.5,1.0,1.0,73
1,5,1.5,1.0,1.0,73
2,1,1.5,1.0,1.0,73
2,3,1.5,1.0,1.0,73
3,2,1.5,1.0,1.0,73
3,4,1.5,1.0,1.0,73
3,6,1.0,0.0,0.0,73
4,3,1.5,1.0,1.0,73
4,5,1.5,1.0,1.0,73
5,1,1.5,1.0,1.0,73
5,4,1.5,1.0,1.0,73
6,3,1.0,0.0,0.0,73
7,0,1.0,0.0,0.0,73
7,8,1.0,0.0,0.0,73
8,7,1.0,0.0,0.0,73
8,9,1.0,0.0,0.0,73
9,8,1.0,0.0,0.0,73
10,11,1.0,0.0,0.0,73
10,12,1.0,0.0,0.0,73
10,13,1.0,0.0,0.0,73
10,14,1.0,0.0,0.0,73
11,10,1.0,0.0,0.0,73
12,10,1.0,0.0,0.0,73
13,10,1.0,0.0,0.0,73
14,10,1.0,0.0,0.0,73
0,1,1.0,0.0,0.0,74
1,0,1.0,0.0,0.0,74
1,2,1.0,0.0,0.0,74
2,1,1.0,0.0,0.0,74
2,3,1.5,1.0,1.0,74
2,6,1.5,1.0,1.0,74
3,2,1.5,1.0,1.0,74
3,4,1.5,1.0,1.0,74
4,3,1.5,1.0,1.0,74
4,5,1.5,1.0,1.0,74
5,4,1.5,1.0,1.0,74
5,6,1.5,1.0,1.0,74
5,7,1.0,0.0,0.0,74
6,2,1.5,1.0,1.0,74
6,5,1.5,1.0,1.0,74
7,5,1.0,0.0,0.0,74
0,1,1.0,0.0,0.0,75
1,0,1.0,0.0,0.0,75
1,2,1.0,0.0,0.0,75
2,1,1.0,0.0,0.0,75
2,3,1.5,1.0,1.0,75
2,6,1.5,1.0,1.0,75
3,2,1.5,1.0,1.0,75
3,4,1.5,1.0,1.0,75
4,3,1.5,1.0,1.0,75
4,5,1.5,1.0,1.0,75
5,4,1.5,1.0,1.0,75
5,6,1.5,1.0,1.0,75
5,7,1.0,0.0,0.0,75
6,2,1.5,1.0,1.0,75
6,5,1.5,1.0,1.0,75
7,5,1.0,0.0,0.0,75
0,1,1.0,0.0,0.0,76
1,0,1.0,0.0,0.0,76
1,2,1.0,0.0,0.0,76
2,1,1.0,0.0,0.0,76
2,3,1.5,1.0,1.0,76
2,6,1.5,1.0,1.0,76
3,2,1.5,1.0,1.0,76
3,4,1.5,1.0,1.0,76
4,3,1.5,1.0,1.0,76
4,5,1.5,1.0,1.0,76
5,4,1.5,1.0,1.0,76
5,6,1.5,1.0,1.0,76
5,7,1.0,0.0,0.0,76
6,2,1.5,1.0,1.0,76
6,5,1.5,1.0,1.0,76
7,5,1.0,0.0,0.0,76
0,1,1.0,0.0,0.0,77
1,0,1.0,0.0,0.0,77
2,3,1.0,0.0,0.0,77
3,2,1.0,0.0,0.0,77
3,4,2.0,1.0,0.0,77
3,5,1.0,1.0,0.0,77
4,3,2.0,1.0,0.0,77
5,3,1.0,1.0,0.0,77
0,1,1.0,0.0,0.0,78
0,11,1.0,0.0,0.0,78
1,0,1.0,0.0,0.0,78
1,2,1.5,1.0,1.0,78
1,5,1.5,1.0,1.0,78
2,1,1.5,1.0,1.0,78
2,3,1.5,1.0,1.0,78
3,2,1.5,1.0,1.0,78
3,4,1.5,1.0,1.0,78
3,6,1.0,0.0,0.0,78
4,3,1.5,1.0,1.0,78
4,5,1.5,1.0,1.0,78
5,1,1.5,1.0,1.0,78
5,4,1.5,1.0,1.0,78
6,3,1.0,0.0,0.0,78
6,7,1.0,0.0,0.0,78
7,6,1.0,0.0,0.0,78
7,8,1.0,0.0,0.0,78
8,7,1.0,0.0,0.0,78
8,9,1.0,0.0,0.0,78
9,8,1.0,0.0,0.0,78
9,10,3.0,0.0,0.0,78
10,9,3.0,0.0,0.0,78
11,0,1.0,0.0,0.0,78
11,12,1.0,0.0,0.0,78
12,11,1.0,0.0,0.0,78
12,13,1.0,0.0,0.0,78
13,12,1.0,0.0,0.0,78
13,14,3.0,0.0,0.0,78
14,13,3.0,0.0,0.0,78
0,1,1.0,0.0,0.0,79
0,7,1.0,0.0,0.0,79
1,0,1.0,0.0,0.0,79
1,2,1.5,1.0,1.0,79
1,5,1.5,1.0,1.0,79
2,1,1.5,1.0,1.0,79
2,3,1.5,1.0,1.0,79
3,2,1.5,1.0,1.0,79
3,4,1.5,1.0,1.0,79
4,3,1.5,1.0,1.0,79
4,5,1.5,1.0,1.0,79
4,6,1.0,0.0,0.0,79
5,1,1.5,1.0,1.0,79
5,4,1.5,1.0,1.0,79
6,4,1.0,0.0,0.0,79
7,0,1.0,0.0,0.0,79
7,8,1.0,0.0,0.0,79
8,7,1.0,0.0,0.0,79
8,9,1.0,0.0,0.0,79
9,8,1.0,0.0,0.0,79
9,10,3.0,0.0,0.0,79
10,9,3.0,0.0,0.0,79
0,1,1.0,0.0,0.0,80
0,7,1.0,0.0,0.0,80
1,0,1.0,0.0,0.0,80
1,2,1.5,1.0,1.0,80
1,5,1.5,1.0,1.0,80
2,1,1.5,1.0,1.0,80
2,3,1.5,1.0,1.0,80
3,2,1.5,1.0,1.0,80
3,4,1.5,1.0,1.0,80
4,3,1.5,1.0,1.0,80
4,5,1.5,1.0,1.0,80
4,6,1.0,0.0,0.0,80
5,1,1.5,1.0,1.0,80
5,4,1.5,1.0,1.0,80
6,4,1.0,0.0,0.0,80
7,0,1.0,0.0,0.0,80
7,8,1.0,0.0,0.0,80
8,7,1.0,0.0,0.0,80
8,9,1.0,0.0,0.0,80
9,8,1.0,0.0,0.0,80
9,10,3.0,0.0,0.0,80
10,9,3.0,0.0,0.0,80
0,1,1.0,0.0,0.0,81
1,0,1.0,0.0,0.0,81
1,2,1.0,0.0,0.0,81
2,1,1.0,0.0,0.0,81
2,3,1.0,0.0,0.0,81
3,2,1.0,0.0,0.0,81
3,4,1.0,0.0,0.0,81
4,3,1.0,0.0,0.0,81
5,6,1.0,0.0,0.0,81
6,5,1.0,0.0,0.0,81
6,7,2.0,1.0,0.0,81
6,8,1.0,1.0,0.0,81
7,6,2.0,1.0,0.0,81
8,6,1.0,1.0,0.0,81
0,1,1.5,1.0,1.0,82
0,5,1.5,1.0,1.0,82
0,7,1.0,0.0,0.0,82
1,0,1.5,1.0,1.0,82
1,2,1.5,1.0,1.0,82
2,1,1.5,1.0,1.0,82
2,3,1.5,1.0,1.0,82
3,2,1.5,1.0,1.0,82
3,4,1.5,1.0,1.0,82
3,6,1.0,0.0,0.0,82
4,3,1.5,1.0,1.0,82
4,5,1.5,1.0,1.0,82
5,0,1.5,1.0,1.0,82
5,4,1.5,1.0,1.0,82
6,3,1.0,0.0,0.0,82
7,0,1.0,0.0,0.0,82
8,9,1.0,0.0,0.0,82
8,10,1.0,0.0,0.0,82
8,11,1.0,0.0,0.0,82
8,12,1.0,0.0,0.0,82
9,8,1.0,0.0,0.0,82
10,8,1.0,0.0,0.0,82
11,8,1.0,0.0,0.0,82
12,8,1.0,0.0,0.0,82
0,1,1.0,0.0,0.0,83
0,7,1.0,0.0,0.0,83
1,0,1.0,0.0,0.0,83
1,2,1.5,1.0,1.0,83
1,5,1.5,1.0,1.0,83
2,1,1.5,1.0,1.0,83
2,3,1.5,1.0,1.0,83
3,2,1.5,1.0,1.0,83
3,4,1.5,1.0,1.0,83
3,6,1.0,0.0,0.0,83
4,3,1.5,1.0,1.0,83
4,5,1.5,1.0,1.0,83
5,1,1.5,1.0,1.0,83
5,4,1.5,1.0,1.0,83
6,3,1.0,0.0,0.0,83
7,0,1.0,0.0,0.0,83
7,8,1.0,0.0,0.0,83
8,7,1.0,0.0,0.0,83
8,9,1.0,0.0,0.0,83
9,8,1.0,0.0,0.0,83
10,11,1.0,0.0,0.0,83
10,12,1.0,0.0,0.0,83
10,13,1.0,0.0,0.0,83
10,14,1.0,0.0,0.0,83
11,10,1.0,0.0,0.0,83
12,10,1.0,0.0,0.0,83
13,10,1.0,0.0,0.0,83
14,10,1.0,0.0,0.0,83
0,1,1.0,0.0,0.0,84
0,7,1.0,0.0,0.0,84
1,0,1.0,0.0,0.0,84
1,2,1.5,1.0,1.0,84
1,5,1.5,1.0,1.0,84
2,1,1.5,1.0,1.0,84
2,3,1.5,1.0,1.0,84
3,2,1.5,1.0,1.0,84
3,4,1.5,1.0,1.0,84
3,6,1.0,0.0,0.0,84
4,3,1.5,1.0,1.0,84
4,5,1.5,1.0,1.0,84
5,1,1.5,1.0,1.0,84
5,4,1.5,1.0,1.0,84
6,3,1.0,0.0,0.0,84
7,0,1.0,0.0,0.0,84
7,8,1.0,0.0,0.0,84
8,7,1.0,0.0,0.0,84
8,9,1.0,0.0,0.0,84
9,8,1.0,0.0,0.0,84
0,1,1.0,0.0,0.0,85
0,7,1.0,0.0,0.0,85
1,0,1.0,0.0,0.0,85
1,2,1.5,1.0,1.0,85
1,5,1.5,1.0,1.0,85
2,1,1.5,1.0,1.0,85
2,3,1.5,1.0,1.0,85
3,2,1.5,1.0,1.0,85
3,4,1.5,1.0,1.0,85
3,6,1.0,0.0,0.0,85
4,3,1.5,1.0,1.0,85
4,5,1.5,1.0,1.0,85
5,1,1.5,1.0,1.0,85
5,4,1.5,1.0,1.0,85
6,3,1.0,0.0,0.0,85
7,0,1.0,0.0,0.0,85
7,8,1.0,0.0,0.0,85
8,7,1.0,0.0,0.0,85
8,9,1.0,0.0,0.0,85
9,8,1.0,0.0,0.0,85
10,11,1.0,0.0,0.0,85
10,12,1.0,0.0,0.0,85
10,13,1.0,0.0,0.0,85
10,14,1.0,0.0,0.0,85
10,15,1.0,0.0,0.0,85
10,16,1.0,0.0,0.0,85
11,10,1.0,0.0,0.0,85
12,10,1.0,0.0,0.0,85
13,10,1.0,0.0,0.0,85
14,10,1.0,0.0,0.0,85
15,10,1.0,0.0,0.0,85
16,10,1.0,0.0,0.0,85
0,1,1.0,0.0,0.0,86
1,0,1.0,0.0,0.0,86
2,3,1.0,0.0,0.0,86
3,2,1.0,0.0,0.0,86
3,4,2.0,1.0,0.0,86
3,5,1.0,1.0,0.0,86
4,3,2.0,1.0,0.0,86
5,3,1.0,1.0,0.0,86
0,1,1.0,0.0,0.0,87
1,0,1.0,0.0,0.0,87
2,3,2.0,1.0,0.0,87
2,4,1.0,1.0,0.0,87
3,2,2.0,1.0,0.0,87
4,2,1.0,1.0,0.0,87
0,1,1.0,0.0,0.0,88
1,0,1.0,0.0,0.0,88
2,3,2.0,1.0,0.0,88
2,4,1.0,1.0,0.0,88
2,5,1.0,0.0,0.0,88
3,2,2.0,1.0,0.0,88
4,2,1.0,1.0,0.0,88
5,2,1.0,0.0,0.0,88
5,6,1.0,0.0,0.0,88
5,7,1.0,0.0,0.0,88
6,5,1.0,0.0,0.0,88
7,5,1.0,0.0,0.0,88
0,1,1.0,0.0,0.0,89
1,0,1.0,0.0,0.0,89
2,3,1.0,0.0,0.0,89
2,5,2.0,1.0,0.0,89
2,6,1.0,1.0,0.0,89
3,2,1.0,0.0,0.0,89
3,4,1.0,0.0,0.0,89
4,3,1.0,0.0,0.0,89
5,2,2.0,1.0,0.0,89
6,2,1.0,1.0,0.0,89
0,1,1.0,0.0,0.0,90
0,7,1.0,0.0,0.0,90
1,0,1.0,0.0,0.0,90
1,2,1.5,1.0,1.0,90
1,5,1.5,1.0,1.0,90
2,1,1.5,1.0,1.0,90
2,3,1.5,1.0,1.0,90
3,2,1.5,1.0,1.0,90
3,4,1.5,1.0,1.0,90
3,6,1.0,0.0,0.0,90
4,3,1.5,1.0,1.0,90
4,5,1.5,1.0,1.0,90
5,1,1.5,1.0,1.0,90
5,4,1.5,1.0,1.0,90
6,3,1.0,0.0,0.0,90
7,0,1.0,0.0,0.0,90
7,8,2.0,0.0,0.0,90
8,7,2.0,0.0,0.0,90
0,1,1.0,0.0,0.0,91
0,7,1.0,0.0,0.0,91
1,0,1.0,0.0,0.0,91
1,2,1.5,1.0,1.0,91
1,5,1.5,1.0,1.0,91
2,1,1.5,1.0,1.0,91
2,3,1.5,1.0,1.0,91
3,2,1.5,1.0,1.0,91
3,4,1.5,1.0,1.0,91
3,6,1.0,0.0,0.0,91
4,3,1.5,1.0,1.0,91
4,5,1.5,1.0,1.0,91
5,1,1.5,1.0,1.0,91
5,4,1.5,1.0,1.0,91
6,3,1.0,0.0,0.0,91
7,0,1.0,0.0,0.0,91
7,8,1.0,0.0,0.0,91
8,7,1.0,0.0,0.0,91
8,9,1.0,0.0,0.0,91
9,8,1.0,0.0,0.0,91
10,11,1.0,0.0,0.0,91
10,12,1.0,0.0,0.0,91
10,13,1.0,0.0,0.0,91
10,14,1.0,0.0,0.0,91
10,15,1.0,0.0,0.0,91
10,16,1.0,0.0,0.0,91
11,10,1.0,0.0,0.0,91
12,10,1.0,0.0,0.0,91
13,10,1.0,0.0,0.0,91
14,10,1.0,0.0,0.0,91
15,10,1.0,0.0,0.0,91
16,10,1.0,0.0,0.0,91
0,1,1.0,0.0,0.0,92
0,7,1.0,0.0,0.0,92
1,0,1.0,0.0,0.0,92
1,2,1.5,1.0,1.0,92
1,5,1.5,1.0,1.0,92
2,1,1.5,1.0,1.0,92
2,3,1.5,1.0,1.0,92
3,2,1.5,1.0,1.0,92
3,4,1.5,1.0,1.0,92
3,6,1.0,0.0,0.0,92
4,3,1.5,1.0,1.0,92
4,5,1.5,1.0,1.0,92
5,1,1.5,1.0,1.0,92
5,4,1.5,1.0,1.0,92
6,3,1.0,0.0,0.0,92
7,0,1.0,0.0,0.0,92
7,8,1.0,0.0,0.0,92
8,7,1.0,0.0,0.0,92
0,1,1.0,0.0,0.0,93
1,0,1.0,0.0,0.0,93
1,2,1.0,0.0,0.0,93
2,1,1.0,0.0,0.0,93
2,3,1.5,1.0,1.0,93
2,6,1.5,1.0,1.0,93
3,2,1.5,1.0,1.0,93
3,4,1.5,1.0,1.0,93
4,3,1.5,1.0,1.0,93
4,5,1.5,1.0,1.0,93
5,4,1.5,1.0,1.0,93
5,6,1.5,1.0,1.0,93
5,7,1.0,0.0,0.0,93
6,2,1.5,1.0,1.0,93
6,5,1.5,1.0,1.0,93
7,5,1.0,0.0,0.0,93
0,1,1.0,0.0,0.0,94
0,7,1.0,0.0,0.0,94
1,0,1.0,0.0,0.0,94
1,2,1.5,1.0,1.0,94
1,5,1.5,1.0,1.0,94
2,1,1.5,1.0,1.0,94
2,3,1.5,1.0,1.0,94
3,2,1.5,1.0,1.0,94
3,4,1.5,1.0,1.0,94
3,6,1.0,0.0,0.0,94
4,3,1.5,1.0,1.0,94
4,5,1.5,1.0,1.0,94
5,1,1.5,1.0,1.0,94
5,4,1.5,1.0,1.0,94
6,3,1.0,0.0,0.0,94
7,0,1.0,0.0,0.0,94
7,8,2.0,0.0,0.0,94
8,7,2.0,0.0,0.0,94
9,10,1.0,0.0,0.0,94
10,9,1.0,0.0,0.0,94
10,11,2.0,1.0,0.0,94
10,12,1.0,1.0,0.0,94
11,10,2.0,1.0,0.0,94
12,10,1.0,1.0,0.0,94
0,1,1.0,0.0,0.0,95
0,7,1.0,0.0,0.0,95
1,0,1.0,0.0,0.0,95
1,2,1.5,1.0,1.0,95
1,5,1.5,1.0,1.0,95
2,1,1.5,1.0,1.0,95
2,3,1.5,1.0,1.0,95
3,2,1.5,1.0,1.0,95
3,4,1.5,1.0,1.0,95
3,6,1.0,0.0,0.0,95
4,3,1.5,1.0,1.0,95
4,5,1.5,1.0,1.0,95
5,1,1.5,1.0,1.0,95
5,4,1.5,1.0,1.0,95
6,3,1.0,0.0,0.0,95
7,0,1.0,0.0,0.0,95
7,8,1.0,0.0,0.0,95
8,7,1.0,0.0,0.0,95
8,9,1.0,0.0,0.0,95
9,8,1.0,0.0,0.0,95
10,11,1.0,0.0,0.0,95
10,12,1.0,0.0,0.0,95
10,13,1.0,0.0,0.0,95
10,14,1.0,0.0,0.0,95
11,10,1.0,0.0,0.0,95
12,10,1.0,0.0,0.0,95
13,10,1.0,0.0,0.0,95
14,10,1.0,0.0,0.0,95
0,1,1.5,1.0,1.0,96
0,5,1.5,1.0,1.0,96
1,0,1.5,1.0,1.0,96
1,2,1.5,1.0,1.0,96
2,1,1.5,1.0,1.0,96
2,3,1.5,1.0,1.0,96
3,2,1.5,1.0,1.0,96
3,4,1.5,1.0,1.0,96
3,6,1.0,0.0,0.0,96
4,3,1.5,1.0,1.0,96
4,5,1.5,1.0,1.0,96
5,0,1.5,1.0,1.0,96
5,4,1.5,1.0,1.0,96
6,3,1.0,0.0,0.0,96
6,7,1.0,0.0,0.0,96
7,6,1.0,0.0,0.0,96
7,8,1.0,0.0,0.0,96
8,7,1.0,0.0,0.0,96
8,9,1.0,0.0,0.0,96
9,8,1.0,0.0,0.0,96
9,10,2.0,0.0,0.0,96
9,11,2.0,0.0,0.0,96
9,12,1.0,0.0,0.0,96
10,9,2.0,0.0,0.0,96
11,9,2.0,0.0,0.0,96
12,9,1.0,0.0,0.0,96
13,14,1.5,1.0,1.0,96
13,18,1.5,1.0,1.0,96
14,13,1.5,1.0,1.0,96
14,15,1.5,1.0,1.0,96
15,14,1.5,1.0,1.0,96
15,16,1.5,1.0,1.0,96
16,15,1.5,1.0,1.0,96
16,17,1.5,1.0,1.0,96
16,19,1.0,0.0,0.0,96
17,16,1.5,1.0,1.0,96
17,18,1.5,1.0,1.0,96
18,13,1.5,1.0,1.0,96
18,17,1.5,1.0,1.0,96
19,16,1.0,0.0,0.0,96
19,20,1.0,0.0,0.0,96
20,19,1.0,0.0,0.0,96
20,21,1.0,0.0,0.0,96
21,20,1.0,0.0,0.0,96
21,22,1.0,0.0,0.0,96
22,21,1.0,0.0,0.0,96
22,23,2.0,0.0,0.0,96
22,24,2.0,0.0,0.0,96
22,25,1.0,0.0,0.0,96
23,22,2.0,0.0,0.0,96
24,22,2.0,0.0,0.0,96
25,22,1.0,0.0,0.0,96
0,1,1.0,0.0,0.0,97
0,7,1.0,0.0,0.0,97
1,0,1.0,0.0,0.0,97
1,2,1.5,1.0,1.0,97
1,5,1.5,1.0,1.0,97
2,1,1.5,1.0,1.0,97
2,3,1.5,1.0,1.0,97
3,2,1.5,1.0,1.0,97
3,4,1.5,1.0,1.0,97
3,6,1.0,0.0,0.0,97
4,3,1.5,1.0,1.0,97
4,5,1.5,1.0,1.0,97
5,1,1.5,1.0,1.0,97
5,4,1.5,1.0,1.0,97
6,3,1.0,0.0,0.0,97
7,0,1.0,0.0,0.0,97
7,8,1.0,0.0,0.0,97
8,7,1.0,0.0,0.0,97
8,9,1.0,0.0,0.0,97
9,8,1.0,0.0,0.0,97
10,11,1.0,0.0,0.0,97
10,12,1.0,0.0,0.0,97
10,13,1.0,0.0,0.0,97
10,14,1.0,0.0,0.0,97
10,15,1.0,0.0,0.0,97
10,16,1.0,0.0,0.0,97
11,10,1.0,0.0,0.0,97
12,10,1.0,0.0,0.0,97
13,10,1.0,0.0,0.0,97
14,10,1.0,0.0,0.0,97
15,10,1.0,0.0,0.0,97
16,10,1.0,0.0,0.0,97
0,1,1.0,0.0,0.0,98
0,7,1.0,0.0,0.0,98
1,0,1.0,0.0,0.0,98
1,2,1.5,1.0,1.0,98
1,5,1.5,1.0,1.0,98
2,1,1.5,1.0,1.0,98
2,3,1.5,1.0,1.0,98
3,2,1.5,1.0,1.0,98
3,4,1.5,1.0,1.0,98
3,6,1.0,0.0,0.0,98
4,3,1.5,1.0,1.0,98
4,5,1.5,1.0,1.0,98
5,1,1.5,1.0,1.0,98
5,4,1.5,1.0,1.0,98
6,3,1.0,0.0,0.0,98
7,0,1.0,0.0,0.0,98
7,8,1.0,1.0,0.0,98
7,9,2.0,1.0,0.0,98
8,7,1.0,1.0,0.0,98
9,7,2.0,1.0,0.0,98
10,11,1.0,0.0,0.0,98
10,18,1.0,0.0,0.0,98
11,10,1.0,0.0,0.0,98
11,12,2.0,0.0,0.0,98
11,13,2.0,0.0,0.0,98
11,14,1.0,0.0,0.0,98
12,11,2.0,0.0,0.0,98
13,11,2.0,0.0,0.0,98
14,11,1.0,0.0,0.0,98
14,15,1.0,0.0,0.0,98
14,16,1.0,0.0,0.0,98
14,17,1.0,0.0,0.0,98
15,14,1.0,0.0,0.0,98
16,14,1.0,0.0,0.0,98
17,14,1.0,0.0,0.0,98
18,10,1.0,0.0,0.0,98
18,19,2.0,0.0,0.0,98
18,20,2.0,0.0,0.0,98
18,21,1.0,0.0,0.0,98
19,18,2.0,0.0,0.0,98
20,18,2.0,0.0,0.0,98
21,18,1.0,0.0,0.0,98
21,22,1.0,0.0,0.0,98
21,23,1.0,0.0,0.0,98
21,24,1.0,0.0,0.0,98
22,21,1.0,0.0,0.0,98
23,21,1.0,0.0,0.0,98
24,21,1.0,0.0,0.0,98
0,1,1.0,0.0,0.0,99
1,0,1.0,0.0,0.0,99
1,2,1.0,0.0,0.0,99
2,1,1.0,0.0,0.0,99
2,3,1.5,1.0,1.0,99
2,6,1.5,1.0,1.0,99
3,2,1.5,1.0,1.0,99
3,4,1.5,1.0,1.0,99
4,3,1.5,1.0,1.0,99
4,5,1.5,1.0,1.0,99
5,4,1.5,1.0,1.0,99
5,6,1.5,1.0,1.0,99
5,7,1.0,0.0,0.0,99
6,2,1.5,1.0,1.0,99
6,5,1.5,1.0,1.0,99
7,5,1.0,0.0,0.0,99
8,9,1.0,0.0,0.0,99
8,10,1.0,0.0,0.0,99
8,11,1.0,0.0,0.0,99
8,12,1.0,0.0,0.0,99
8,13,1.0,0.0,0.0,99
8,14,1.0,0.0,0.0,99
9,8,1.0,0.0,0.0,99
10,8,1.0,0.0,0.0,99
11,8,1.0,0.0,0.0,99
12,8,1.0,0.0,0.0,99
13,8,1.0,0.0,0.0,99
14,8,1.0,0.0,0.0,99
0,1,1.0,0.0,0.0,100
1,0,1.0,0.0,0.0,100
2,3,1.0,0.0,0.0,100
3,2,1.0,0.0,0.0,100
3,4,2.0,1.0,0.0,100
3,5,1.0,1.0,0.0,100
4,3,2.0,1.0,0.0,100
5,3,1.0,1.0,0.0,100
0,1,1.0,0.0,0.0,101
0,7,1.0,0.0,0.0,101
1,0,1.0,0.0,0.0,101
1,2,1.5,1.0,1.0,101
1,5,1.5,1.0,1.0,101
2,1,1.5,1.0,1.0,101
2,3,1.5,1.0,1.0,101
3,2,1.5,1.0,1.0,101
3,4,1.5,1.0,1.0,101
3,6,1.0,0.0,0.0,101
4,3,1.5,1.0,1.0,101
4,5,1.5,1.0,1.0,101
5,1,1.5,1.0,1.0,101
5,4,1.5,1.0,1.0,101
6,3,1.0,0.0,0.0,101
7,0,1.0,0.0,0.0,101
7,8,1.0,0.0,0.0,101
8,7,1.0,0.0,0.0,101
8,9,1.0,0.0,0.0,101
9,8,1.0,0.0,0.0,101
10,11,1.0,0.0,0.0,101
10,12,1.0,0.0,0.0,101
10,13,1.0,0.0,0.0,101
10,14,1.0,0.0,0.0,101
10,15,1.0,0.0,0.0,101
10,16,1.0,0.0,0.0,101
11,10,1.0,0.0,0.0,101
12,10,1.0,0.0,0.0,101
13,10,1.0,0.0,0.0,101
14,10,1.0,0.0,0.0,101
15,10,1.0,0.0,0.0,101
16,10,1.0,0.0,0.0,101
0,1,1.5,1.0,1.0,102
0,5,1.5,1.0,1.0,102
0,7,1.0,0.0,0.0,102
1,0,1.5,1.0,1.0,102
1,2,1.5,1.0,1.0,102
2,1,1.5,1.0,1.0,102
2,3,1.5,1.0,1.0,102
3,2,1.5,1.0,1.0,102
3,4,1.5,1.0,1.0,102
3,6,1.0,0.0,0.0,102
4,3,1.5,1.0,1.0,102
4,5,1.5,1.0,1.0,102
5,0,1.5,1.0,1.0,102
5,4,1.5,1.0,1.0,102
6,3,1.0,0.0,0.0,102
7,0,1.0,0.0,0.0,102
8,9,1.0,0.0,0.0,102
8,10,1.0,0.0,0.0,102
8,11,1.0,0.0,0.0,102
8,12,1.0,0.0,0.0,102
9,8,1.0,0.0,0.0,102
10,8,1.0,0.0,0.0,102
11,8,1.0,0.0,0.0,102
12,8,1.0,0.0,0.0,102
0,1,1.0,0.0,0.0,103
0,8,1.0,0.0,0.0,103
0,13,1.0,0.0,0.0,103
1,0,1.0,0.0,0.0,103
1,2,1.5,1.0,1.0,103
1,5,1.5,1.0,1.0,103
2,1,1.5,1.0,1.0,103
2,3,1.5,1.0,1.0,103
3,2,1.5,1.0,1.0,103
3,4,1.5,1.0,1.0,103
3,6,1.0,1.0,0.0,103
4,3,1.5,1.0,1.0,103
4,5,1.5,1.0,1.0,103
5,1,1.5,1.0,1.0,103
5,4,1.5,1.0,1.0,103
6,3,1.0,1.0,0.0,103
6,7,2.0,1.0,0.0,103
7,6,2.0,1.0,0.0,103
8,0,1.0,0.0,0.0,103
8,9,1.0,1.0,0.0,103
8,12,2.0,1.0,0.0,103
9,8,1.0,1.0,0.0,103
9,10,1.0,0.0,0.0,103
10,9,1.0,0.0,0.0,103
10,11,1.0,0.0,0.0,103
11,10,1.0,0.0,0.0,103
12,8,2.0,1.0,0.0,103
13,0,1.0,0.0,0.0,103
0,1,1.0,0.0,0.0,104
1,0,1.0,0.0,0.0,104
2,3,1.0,0.0,0.0,104
3,2,1.0,0.0,0.0,104
3,4,2.0,1.0,0.0,104
3,5,1.0,1.0,0.0,104
4,3,2.0,1.0,0.0,104
5,3,1.0,1.0,0.0,104
0,1,1.0,0.0,0.0,105
0,7,1.0,0.0,0.0,105
1,0,1.0,0.0,0.0,105
1,2,1.5,1.0,1.0,105
1,5,1.5,1.0,1.0,105
2,1,1.5,1.0,1.0,105
2,3,1.5,1.0,1.0,105
3,2,1.5,1.0,1.0,105
3,4,1.5,1.0,1.0,105
3,6,1.0,0.0,0.0,105
4,3,1.5,1.0,1.0,105
4,5,1.5,1.0,1.0,105
5,1,1.5,1.0,1.0,105
5,4,1.5,1.0,1.0,105
6,3,1.0,0.0,0.0,105
7,0,1.0,0.0,0.0,105
7,8,1.0,0.0,0.0,105
8,7,1.0,0.0,0.0,105
8,9,1.0,0.0,0.0,105
9,8,1.0,0.0,0.0,105
9,10,1.0,0.0,0.0,105
10,9,1.0,0.0,0.0,105
10,11,1.0,0.0,0.0,105
11,10,1.0,0.0,0.0,105
11,12,1.0,0.0,0.0,105
12,11,1.0,0.0,0.0,105
12,13,1.0,0.0,0.0,105
13,12,1.0,0.0,0.0,105
13,14,1.0,0.0,0.0,105
14,13,1.0,0.0,0.0,105
14,15,1.0,0.0,0.0,105
15,14,1.0,0.0,0.0,105
15,16,1.0,0.0,0.0,105
16,15,1.0,0.0,0.0,105
16,17,1.0,0.0,0.0,105
17,16,1.0,0.0,0.0,105
0,1,1.0,0.0,0.0,106
0,7,1.0,0.0,0.0,106
1,0,1.0,0.0,0.0,106
1,2,1.5,1.0,1.0,106
1,5,1.5,1.0,1.0,106
2,1,1.5,1.0,1.0,106
2,3,1.5,1.0,1.0,106
3,2,1.5,1.0,1.0,106
3,4,1.5,1.0,1.0,106
3,6,1.0,0.0,0.0,106
4,3,1.5,1.0,1.0,106
4,5,1.5,1.0,1.0,106
5,1,1.5,1.0,1.0,106
5,4,1.5,1.0,1.0,106
6,3,1.0,0.0,0.0,106
7,0,1.0,0.0,0.0,106
7,8,1.0,0.0,0.0,106
8,7,1.0,0.0,0.0,106
8,9,1.0,0.0,0.0,106
9,8,1.0,0.0,0.0,106
10,11,1.0,0.0,0.0,106
10,12,1.0,0.0,0.0,106
10,13,1.0,0.0,0.0,106
10,14,1.0,0.0,0.0,106
11,10,1.0,0.0,0.0,106
12,10,1.0,0.0,0.0,106
13,10,1.0,0.0,0.0,106
14,10,1.0,0.0,0.0,106
0,1,1.0,0.0,0.0,107
1,0,1.0,0.0,0.0,107
1,2,1.0,0.0,0.0,107
2,1,1.0,0.0,0.0,107
2,3,1.5,1.0,1.0,107
2,6,1.5,1.0,1.0,107
3,2,1.5,1.0,1.0,107
3,4,1.5,1.0,1.0,107
4,3,1.5,1.0,1.0,107
4,5,1.5,1.0,1.0,107
5,4,1.5,1.0,1.0,107
5,6,1.5,1.0,1.0,107
5,7,1.0,0.0,0.0,107
6,2,1.5,1.0,1.0,107
6,5,1.5,1.0,1.0,107
7,5,1.0,0.0,0.0,107
8,9,1.0,0.0,0.0,107
8,10,1.0,0.0,0.0,107
8,11,1.0,0.0,0.0,107
8,12,1.0,0.0,0.0,107
9,8,1.0,0.0,0.0,107
10,8,1.0,0.0,0.0,107
11,8,1.0,0.0,0.0,107
12,8,1.0,0.0,0.0,107
0,1,1.0,0.0,0.0,108
0,7,1.0,0.0,0.0,108
1,0,1.0,0.0,0.0,108
1,2,1.5,1.0,1.0,108
1,5,1.5,1.0,1.0,108
2,1,1.5,1.0,1.0,108
2,3,1.5,1.0,1.0,108
3,2,1.5,1.0,1.0,108
3,4,1.5,1.0,1.0,108
3,6,1.0,0.0,0.0,108
4,3,1.5,1.0,1.0,108
4,5,1.5,1.0,1.0,108
5,1,1.5,1.0,1.0,108
5,4,1.5,1.0,1.0,108
6,3,1.0,0.0,0.0,108
7,0,1.0,0.0,0.0,108
7,8,1.0,0.0,0.0,108
8,7,1.0,0.0,0.0,108
8,9,1.0,0.0,0.0,108
8,12,1.0,0.0,0.0,108
8,13,1.0,0.0,0.0,108
9,8,1.0,0.0,0.0,108
9,10,1.0,0.0,0.0,108
9,11,1.0,0.0,0.0,108
10,9,1.0,0.0,0.0,108
11,9,1.0,0.0,0.0,108
12,8,1.0,0.0,0.0,108
13,8,1.0,0.0,0.0,108
14,15,1.0,0.0,0.0,108
14,16,1.0,0.0,0.0,108
14,17,1.0,0.0,0.0,108
14,18,1.0,0.0,0.0,108
15,14,1.0,0.0,0.0,108
16,14,1.0,0.0,0.0,108
17,14,1.0,0.0,0.0,108
18,14,1.0,0.0,0.0,108
0,1,1.0,0.0,0.0,109
0,7,1.0,0.0,0.0,109
1,0,1.0,0.0,0.0,109
1,2,1.5,1.0,1.0,109
1,5,1.5,1.0,1.0,109
2,1,1.5,1.0,1.0,109
2,3,1.5,1.0,1.0,109
3,2,1.5,1.0,1.0,109
3,4,1.5,1.0,1.0,109
3,6,1.0,0.0,0.0,109
4,3,1.5,1.0,1.0,109
4,5,1.5,1.0,1.0,109
5,1,1.5,1.0,1.0,109
5,4,1.5,1.0,1.0,109
6,3,1.0,0.0,0.0,109
7,0,1.0,0.0,0.0,109
7,8,1.0,0.0,0.0,109
8,7,1.0,0.0,0.0,109
8,9,1.0,0.0,0.0,109
8,19,1.0,0.0,0.0,109
8,20,1.0,0.0,0.0,109
9,8,1.0,0.0,0.0,109
9,10,1.0,0.0,0.0,109
9,17,1.0,0.0,0.0,109
9,18,1.0,0.0,0.0,109
10,9,1.0,0.0,0.0,109
10,11,1.0,0.0,0.0,109
10,15,1.0,0.0,0.0,109
10,16,1.0,0.0,0.0,109
11,10,1.0,0.0,0.0,109
11,12,1.0,0.0,0.0,109
11,13,1.0,0.0,0.0,109
11,14,1.0,0.0,0.0,109
12,11,1.0,0.0,0.0,109
13,11,1.0,0.0,0.0,109
14,11,1.0,0.0,0.0,109
15,10,1.0,0.0,0.0,109
16,10,1.0,0.0,0.0,109
17,9,1.0,0.0,0.0,109
18,9,1.0,0.0,0.0,109
19,8,1.0,0.0,0.0,109
20,8,1.0,0.0,0.0,109
21,22,1.0,0.0,0.0,109
21,23,1.0,0.0,0.0,109
21,24,1.0,0.0,0.0,109
21,25,1.0,0.0,0.0,109
22,21,1.0,0.0,0.0,109
23,21,1.0,0.0,0.0,109
24,21,1.0,0.0,0.0,109
25,21,1.0,0.0,0.0,109
0,1,1.0,0.0,0.0,110
0,7,1.0,0.0,0.0,110
1,0,1.0,0.0,0.0,110
1,2,1.5,1.0,1.0,110
1,5,1.5,1.0,1.0,110
2,1,1.5,1.0,1.0,110
2,3,1.5,1.0,1.0,110
3,2,1.5,1.0,1.0,110
3,4,1.5,1.0,1.0,110
3,6,1.0,0.0,0.0,110
4,3,1.5,1.0,1.0,110
4,5,1.5,1.0,1.0,110
5,1,1.5,1.0,1.0,110
5,4,1.5,1.0,1.0,110
6,3,1.0,0.0,0.0,110
7,0,1.0,0.0,0.0,110
7,8,1.0,0.0,0.0,110
8,7,1.0,0.0,0.0,110
8,9,1.0,0.0,0.0,110
8,25,1.0,0.0,0.0,110
8,26,1.0,0.0,0.0,110
9,8,1.0,0.0,0.0,110
9,10,1.0,0.0,0.0,110
9,23,1.0,0.0,0.0,110
9,24,1.0,0.0,0.0,110
10,9,1.0,0.0,0.0,110
10,11,1.0,0.0,0.0,110
10,21,1.0,0.0,0.0,110
10,22,1.0,0.0,0.0,110
11,10,1.0,0.0,0.0,110
11,12,1.0,0.0,0.0,110
11,19,1.0,0.0,0.0,110
11,20,1.0,0.0,0.0,110
12,11,1.0,0.0,0.0,110
12,13,1.0,0.0,0.0,110
12,17,1.0,0.0,0.0,110
12,18,1.0,0.0,0.0,110
13,12,1.0,0.0,0.0,110
13,14,1.0,0.0,0.0,110
13,15,1.0,0.0,0.0,110
13,16,1.0,0.0,0.0,110
14,13,1.0,0.0,0.0,110
15,13,1.0,0.0,0.0,110
16,13,1.0,0.0,0.0,110
17,12,1.0,0.0,0.0,110
18,12,1.0,0.0,0.0,110
19,11,1.0,0.0,0.0,110
20,11,1.0,0.0,0.0,110
21,10,1.0,0.0,0.0,110
22,10,1.0,0.0,0.0,110
23,9,1.0,0.0,0.0,110
24,9,1.0,0.0,0.0,110
25,8,1.0,0.0,0.0,110
26,8,1.0,0.0,0.0,110
27,28,1.0,0.0,0.0,110
27,29,1.0,0.0,0.0,110
27,30,1.0,0.0,0.0,110
27,31,1.0,0.0,0.0,110
28,27,1.0,0.0,0.0,110
29,27,1.0,0.0,0.0,110
30,27,1.0,0.0,0.0,110
31,27,1.0,0.0,0.0,110
0,1,1.0,0.0,0.0,111
1,0,1.0,0.0,0.0,111
1,2,1.5,1.0,1.0,111
1,5,1.5,1.0,1.0,111
2,1,1.5,1.0,1.0,111
2,3,1.5,1.0,1.0,111
3,2,1.5,1.0,1.0,111
3,4,1.5,1.0,1.0,111
4,3,1.5,1.0,1.0,111
4,5,1.5,1.0,1.0,111
4,6,1.0,0.0,0.0,111
5,1,1.5,1.0,1.0,111
5,4,1.5,1.0,1.0,111
6,4,1.0,0.0,0.0,111
7,8,1.0,0.0,0.0,111
7,9,1.0,0.0,0.0,111
7,10,1.0,0.0,0.0,111
7,11,1.0,0.0,0.0,111
7,12,1.0,0.0,0.0,111
7,13,1.0,0.0,0.0,111
8,7,1.0,0.0,0.0,111
9,7,1.0,0.0,0.0,111
10,7,1.0,0.0,0.0,111
11,7,1.0,0.0,0.0,111
12,7,1.0,0.0,0.0,111
13,7,1.0,0.0,0.0,111
0,1,1.0,0.0,0.0,112
1,0,1.0,0.0,0.0,112
2,3,1.0,0.0,0.0,112
2,6,1.0,0.0,0.0,112
2,7,1.0,0.0,0.0,112
3,2,1.0,0.0,0.0,112
3,4,2.0,1.0,0.0,112
3,5,1.0,1.0,0.0,112
4,3,2.0,1.0,0.0,112
5,3,1.0,1.0,0.0,112
6,2,1.0,0.0,0.0,112
7,2,1.0,0.0,0.0,112
0,1,1.0,0.0,0.0,113
0,15,1.0,0.0,0.0,113
1,0,1.0,0.0,0.0,113
1,2,1.5,1.0,1.0,113
1,5,1.5,1.0,1.0,113
2,1,1.5,1.0,1.0,113
2,3,1.5,1.0,1.0,113
3,2,1.5,1.0,1.0,113
3,4,1.5,1.0,1.0,113
4,3,1.5,1.0,1.0,113
4,5,1.5,1.0,1.0,113
4,6,1.0,0.0,0.0,113
5,1,1.5,1.0,1.0,113
5,4,1.5,1.0,1.0,113
6,4,1.0,0.0,0.0,113
6,7,1.0,0.0,0.0,113
7,6,1.0,0.0,0.0,113
7,8,1.5,1.0,1.0,113
7,12,1.5,1.0,1.0,113
8,7,1.5,1.0,1.0,113
8,9,1.5,1.0,1.0,113
9,8,1.5,1.0,1.0,113
9,10,1.5,1.0,1.0,113
10,9,1.5,1.0,1.0,113
10,11,1.5,1.0,1.0,113
10,13,1.0,1.0,0.0,113
11,10,1.5,1.0,1.0,113
11,12,1.5,1.0,1.0,113
12,7,1.5,1.0,1.0,113
12,11,1.5,1.0,1.0,113
13,10,1.0,1.0,0.0,113
13,14,2.0,1.0,0.0,113
14,13,2.0,1.0,0.0,113
15,0,1.0,0.0,0.0,113
15,16,1.5,1.0,1.0,113
15,20,1.5,1.0,1.0,113
16,15,1.5,1.0,1.0,113
16,17,1.5,1.0,1.0,113
17,16,1.5,1.0,1.0,113
17,18,1.5,1.0,1.0,113
18,17,1.5,1.0,1.0,113
18,19,1.5,1.0,1.0,113
18,21,1.0,1.0,0.0,113
19,18,1.5,1.0,1.0,113
19,20,1.5,1.0,1.0,113
20,15,1.5,1.0,1.0,113
20,19,1.5,1.0,1.0,113
21,18,1.0,1.0,0.0,113
21,22,2.0,1.0,0.0,113
22,21,2.0,1.0,0.0,113
0,1,1.0,0.0,0.0,114
0,7,1.0,0.0,0.0,114
1,0,1.0,0.0,0.0,114
1,2,1.5,1.0,1.0,114
1,5,1.5,1.0,1.0,114
2,1,1.5,1.0,1.0,114
2,3,1.5,1.0,1.0,114
3,2,1.5,1.0,1.0,114
3,4,1.5,1.0,1.0,114
3,6,1.0,0.0,0.0,114
4,3,1.5,1.0,1.0,114
4,5,1.5,1.0,1.0,114
5,1,1.5,1.0,1.0,114
5,4,1.5,1.0,1.0,114
6,3,1.0,0.0,0.0,114
7,0,1.0,0.0,0.0,114
7,8,1.0,0.0,0.0,114
8,7,1.0,0.0,0.0,114
8,9,1.0,0.0,0.0,114
9,8,1.0,0.0,0.0,114
0,1,1.0,0.0,0.0,115
0,10,1.0,0.0,0.0,115
1,0,1.0,0.0,0.0,115
1,2,1.5,1.0,1.0,115
1,5,1.5,1.0,1.0,115
2,1,1.5,1.0,1.0,115
2,3,1.5,1.0,1.0,115
3,2,1.5,1.0,1.0,115
3,4,1.5,1.0,1.0,115
3,6,1.0,0.0,0.0,115
4,3,1.5,1.0,1.0,115
4,5,1.5,1.0,1.0,115
5,1,1.5,1.0,1.0,115
5,4,1.5,1.0,1.0,115
6,3,1.0,0.0,0.0,115
6,7,1.0,0.0,0.0,115
7,6,1.0,0.0,0.0,115
7,8,1.0,0.0,0.0,115
8,7,1.0,0.0,0.0,115
8,9,1.0,0.0,0.0,115
9,8,1.0,0.0,0.0,115
10,0,1.0,0.0,0.0,115
10,11,1.0,0.0,0.0,115
11,10,1.0,0.0,0.0,115
11,12,1.0,0.0,0.0,115
12,11,1.0,0.0,0.0,115
12,13,1.0,0.0,0.0,115
13,12,1.0,0.0,0.0,115
13,14,1.0,0.0,0.0,115
14,13,1.0,0.0,0.0,115
14,15,1.0,0.0,0.0,115
15,14,1.0,0.0,0.0,115
15,16,1.0,0.0,0.0,115
16,15,1.0,0.0,0.0,115
16,17,1.5,1.0,1.0,115
16,21,1.5,1.0,1.0,115
17,16,1.5,1.0,1.0,115
17,18,1.5,1.0,1.0,115
18,17,1.5,1.0,1.0,115
18,19,1.5,1.0,1.0,115
19,18,1.5,1.0,1.0,115
19,20,1.5,1.0,1.0,115
20,19,1.5,1.0,1.0,115
20,21,1.5,1.0,1.0,115
21,16,1.5,1.0,1.0,115
21,20,1.5,1.0,1.0,115
22,23,1.0,0.0,0.0,115
22,30,1.0,0.0,0.0,115
23,22,1.0,0.0,0.0,115
23,24,2.0,0.0,0.0,115
23,25,2.0,0.0,0.0,115
23,26,1.0,0.0,0.0,115
24,23,2.0,0.0,0.0,115
25,23,2.0,0.0,0.0,115
26,23,1.0,0.0,0.0,115
26,27,1.0,0.0,0.0,115
26,28,1.0,0.0,0.0,115
26,29,1.0,0.0,0.0,115
27,26,1.0,0.0,0.0,115
28,26,1.0,0.0,0.0,115
29,26,1.0,0.0,0.0,115
30,22,1.0,0.0,0.0,115
30,31,2.0,0.0,0.0,115
30,32,2.0,0.0,0.0,115
30,33,1.0,0.0,0.0,115
31,30,2.0,0.0,0.0,115
32,30,2.0,0.0,0.0,115
33,30,1.0,0.0,0.0,115
33,34,1.0,0.0,0.0,115
33,35,1.0,0.0,0.0,115
33,36,1.0,0.0,0.0,115
34,33,1.0,0.0,0.0,115
35,33,1.0,0.0,0.0,115
36,33,1.0,0.0,0.0,115
0,1,1.0,0.0,0.0,116
0,7,1.0,0.0,0.0,116
1,0,1.0,0.0,0.0,116
1,2,1.5,1.0,1.0,116
1,5,1.5,1.0,1.0,116
2,1,1.5,1.0,1.0,116
2,3,1.5,1.0,1.0,116
3,2,1.5,1.0,1.0,116
3,4,1.5,1.0,1.0,116
3,6,1.0,0.0,0.0,116
4,3,1.5,1.0,1.0,116
4,5,1.5,1.0,1.0,116
5,1,1.5,1.0,1.0,116
5,4,1.5,1.0,1.0,116
6,3,1.0,0.0,0.0,116
7,0,1.0,0.0,0.0,116
7,8,1.0,0.0,0.0,116
8,7,1.0,0.0,0.0,116
8,9,1.0,0.0,0.0,116
9,8,1.0,0.0,0.0,116
9,10,1.0,0.0,0.0,116
10,9,1.0,0.0,0.0,116
10,11,1.0,0.0,0.0,116
11,10,1.0,0.0,0.0,116
0,1,1.0,0.0,0.0,117
0,18,1.0,0.0,0.0,117
1,0,1.0,0.0,0.0,117
1,2,1.5,1.0,1.0,117
1,5,1.5,1.0,1.0,117
2,1,1.5,1.0,1.0,117
2,3,1.5,1.0,1.0,117
3,2,1.5,1.0,1.0,117
3,4,1.5,1.0,1.0,117
3,6,1.0,1.0,0.0,117
4,3,1.5,1.0,1.0,117
4,5,1.5,1.0,1.0,117
5,1,1.5,1.0,1.0,117
5,4,1.5,1.0,1.0,117
6,3,1.0,1.0,0.0,117
6,7,1.5,1.0,1.0,117
6,11,1.5,1.0,1.0,117
7,6,1.5,1.0,1.0,117
7,8,1.5,1.0,1.0,117
8,7,1.5,1.0,1.0,117
8,9,1.5,1.0,1.0,117
9,8,1.5,1.0,1.0,117
9,10,1.5,1.0,1.0,117
9,12,1.0,1.0,0.0,117
10,9,1.5,1.0,1.0,117
10,11,1.5,1.0,1.0,117
11,6,1.5,1.0,1.0,117
11,10,1.5,1.0,1.0,117
12,9,1.0,1.0,0.0,117
12,13,1.5,1.0,1.0,117
12,17,1.5,1.0,1.0,117
13,12,1.5,1.0,1.0,117
13,14,1.5,1.0,1.0,117
14,13,1.5,1.0,1.0,117
14,15,1.5,1.0,1.0,117
15,14,1.5,1.0,1.0,117
15,16,1.5,1.0,1.0,117
16,15,1.5,1.0,1.0,117
16,17,1.5,1.0,1.0,117
17,12,1.5,1.0,1.0,117
17,16,1.5,1.0,1.0,117
18,0,1.0,0.0,0.0,117
18,19,1.0,0.0,0.0,117
19,18,1.0,0.0,0.0,117
0,1,1.0,0.0,0.0,118
0,9,1.0,0.0,0.0,118
1,0,1.0,0.0,0.0,118
1,2,1.5,1.0,1.0,118
1,5,1.5,1.0,1.0,118
2,1,1.5,1.0,1.0,118
2,3,1.5,1.0,1.0,118
3,2,1.5,1.0,1.0,118
3,4,1.5,1.0,1.0,118
3,6,1.0,0.0,0.0,118
4,3,1.5,1.0,1.0,118
4,5,1.5,1.0,1.0,118
5,1,1.5,1.0,1.0,118
5,4,1.5,1.0,1.0,118
6,3,1.0,0.0,0.0,118
6,7,1.0,0.0,0.0,118
6,8,1.0,0.0,0.0,118
7,6,1.0,0.0,0.0,118
8,6,1.0,0.0,0.0,118
9,0,1.0,0.0,0.0,118
9,10,1.0,0.0,0.0,118
10,9,1.0,0.0,0.0,118
10,11,1.0,0.0,0.0,118
11,10,1.0,0.0,0.0,118
12,13,1.0,0.0,0.0,118
12,20,1.0,0.0,0.0,118
13,12,1.0,0.0,0.0,118
13,14,2.0,0.0,0.0,118
13,15,2.0,0.0,0.0,118
13,16,1.0,0.0,0.0,118
14,13,2.0,0.0,0.0,118
15,13,2.0,0.0,0.0,118
16,13,1.0,0.0,0.0,118
16,17,1.0,0.0,0.0,118
16,18,1.0,0.0,0.0,118
16,19,1.0,0.0,0.0,118
17,16,1.0,0.0,0.0,118
18,16,1.0,0.0,0.0,118
19,16,1.0,0.0,0.0,118
20,12,1.0,0.0,0.0,118
20,21,2.0,0.0,0.0,118
20,22,2.0,0.0,0.0,118
20,23,1.0,0.0,0.0,118
21,20,2.0,0.0,0.0,118
22,20,2.0,0.0,0.0,118
23,20,1.0,0.0,0.0,118
23,24,1.0,0.0,0.0,118
23,25,1.0,0.0,0.0,118
23,26,1.0,0.0,0.0,118
24,23,1.0,0.0,0.0,118
25,23,1.0,0.0,0.0,118
26,23,1.0,0.0,0.0,118
0,1,1.0,0.0,0.0,119
0,8,1.0,0.0,0.0,119
1,0,1.0,0.0,0.0,119
1,2,1.5,1.0,1.0,119
1,5,1.5,1.0,1.0,119
2,1,1.5,1.0,1.0,119
2,3,1.5,1.0,1.0,119
2,7,1.0,0.0,0.0,119
3,2,1.5,1.0,1.0,119
3,4,1.5,1.0,1.0,119
3,6,1.0,0.0,0.0,119
4,3,1.5,1.0,1.0,119
4,5,1.5,1.0,1.0,119
5,1,1.5,1.0,1.0,119
5,4,1.5,1.0,1.0,119
6,3,1.0,0.0,0.0,119
7,2,1.0,0.0,0.0,119
8,0,1.0,0.0,0.0,119
8,9,1.0,0.0,0.0,119
9,8,1.0,0.0,0.0,119
9,10,1.0,0.0,0.0,119
10,9,1.0,0.0,0.0,119
0,1,1.0,0.0,0.0,120
1,0,1.0,0.0,0.0,120
1,2,1.0,0.0,0.0,120
2,1,1.0,0.0,0.0,120
2,3,1.5,1.0,1.0,120
2,6,1.5,1.0,1.0,120
3,2,1.5,1.0,1.0,120
3,4,1.5,1.0,1.0,120
4,3,1.5,1.0,1.0,120
4,5,1.5,1.0,1.0,120
5,4,1.5,1.0,1.0,120
5,6,1.5,1.0,1.0,120
5,7,1.0,0.0,0.0,120
6,2,1.5,1.0,1.0,120
6,5,1.5,1.0,1.0,120
7,5,1.0,0.0,0.0,120
0,1,1.0,0.0,0.0,121
0,7,1.0,0.0,0.0,121
1,0,1.0,0.0,0.0,121
1,2,1.5,1.0,1.0,121
1,5,1.5,1.0,1.0,121
2,1,1.5,1.0,1.0,121
2,3,1.5,1.0,1.0,121
3,2,1.5,1.0,1.0,121
3,4,1.5,1.0,1.0,121
3,6,1.0,0.0,0.0,121
4,3,1.5,1.0,1.0,121
4,5,1.5,1.0,1.0,121
5,1,1.5,1.0,1.0,121
5,4,1.5,1.0,1.0,121
6,3,1.0,0.0,0.0,121
7,0,1.0,0.0,0.0,121
7,8,1.0,0.0,0.0,121
8,7,1.0,0.0,0.0,121
8,9,1.0,0.0,0.0,121
9,8,1.0,0.0,0.0,121
0,1,1.0,0.0,0.0,122
0,7,1.0,0.0,0.0,122
1,0,1.0,0.0,0.0,122
1,2,1.5,1.0,1.0,122
1,5,1.5,1.0,1.0,122
2,1,1.5,1.0,1.0,122
2,3,1.5,1.0,1.0,122
3,2,1.5,1.0,1.0,122
3,4,1.5,1.0,1.0,122
3,6,1.0,0.0,0.0,122
4,3,1.5,1.0,1.0,122
4,5,1.5,1.0,1.0,122
5,1,1.5,1.0,1.0,122
5,4,1.5,1.0,1.0,122
6,3,1.0,0.0,0.0,122
7,0,1.0,0.0,0.0,122
7,8,1.0,0.0,0.0,122
8,7,1.0,0.0,0.0,122
8,9,1.0,0.0,0.0,122
9,8,1.0,0.0,0.0,122
0,1,1.0,0.0,0.0,123
0,7,1.0,0.0,0.0,123
1,0,1.0,0.0,0.0,123
1,2,1.5,1.0,1.0,123
1,5,1.5,1.0,1.0,123
2,1,1.5,1.0,1.0,123
2,3,1.5,1.0,1.0,123
3,2,1.5,1.0,1.0,123
3,4,1.5,1.0,1.0,123
3,6,1.0,0.0,0.0,123
4,3,1.5,1.0,1.0,123
4,5,1.5,1.0,1.0,123
5,1,1.5,1.0,1.0,123
5,4,1.5,1.0,1.0,123
6,3,1.0,0.0,0.0,123
7,0,1.0,0.0,0.0,123
7,8,1.0,0.0,0.0,123
8,7,1.0,0.0,0.0,123
8,9,1.0,0.0,0.0,123
9,8,1.0,0.0,0.0,123
0,1,1.0,0.0,0.0,124
1,0,1.0,0.0,0.0,124
1,2,1.0,0.0,0.0,124
2,1,1.0,0.0,0.0,124
2,3,1.5,1.0,1.0,124
2,6,1.5,1.0,1.0,124
3,2,1.5,1.0,1.0,124
3,4,1.5,1.0,1.0,124
4,3,1.5,1.0,1.0,124
4,5,1.5,1.0,1.0,124
5,4,1.5,1.0,1.0,124
5,6,1.5,1.0,1.0,124
5,7,1.0,0.0,0.0,124
6,2,1.5,1.0,1.0,124
6,5,1.5,1.0,1.0,124
7,5,1.0,0.0,0.0,124
8,9,1.0,0.0,0.0,124
8,10,1.0,0.0,0.0,124
8,11,1.0,0.0,0.0,124
8,12,1.0,0.0,0.0,124
8,13,1.0,0.0,0.0,124
8,14,1.0,0.0,0.0,124
9,8,1.0,0.0,0.0,124
10,8,1.0,0.0,0.0,124
11,8,1.0,0.0,0.0,124
12,8,1.0,0.0,0.0,124
13,8,1.0,0.0,0.0,124
14,8,1.0,0.0,0.0,124
0,1,1.0,0.0,0.0,125
1,0,1.0,0.0,0.0,125
1,2,1.0,0.0,0.0,125
2,1,1.0,0.0,0.0,125
2,3,1.0,0.0,0.0,125
3,2,1.0,0.0,0.0,125
3,4,1.0,0.0,0.0,125
4,3,1.0,0.0,0.0,125
4,5,1.0,0.0,0.0,125
4,9,1.0,0.0,0.0,125
4,13,1.0,0.0,0.0,125
5,4,1.0,0.0,0.0,125
5,6,1.0,0.0,0.0,125
6,5,1.0,0.0,0.0,125
6,7,1.0,0.0,0.0,125
7,6,1.0,0.0,0.0,125
7,8,1.0,0.0,0.0,125
8,7,1.0,0.0,0.0,125
9,4,1.0,0.0,0.0,125
9,10,1.0,0.0,0.0,125
10,9,1.0,0.0,0.0,125
10,11,1.0,0.0,0.0,125
11,10,1.0,0.0,0.0,125
11,12,1.0,0.0,0.0,125
12,11,1.0,0.0,0.0,125
13,4,1.0,0.0,0.0,125
13,14,1.0,0.0,0.0,125
14,13,1.0,0.0,0.0,125
14,15,1.0,0.0,0.0,125
15,14,1.0,0.0,0.0,125
15,16,1.0,0.0,0.0,125
16,15,1.0,0.0,0.0,125
17,18,2.0,0.0,0.0,125
17,19,2.0,0.0,0.0,125
17,20,1.0,0.0,0.0,125
17,24,1.0,0.0,0.0,125
18,17,2.0,0.0,0.0,125
19,17,2.0,0.0,0.0,125
20,17,1.0,0.0,0.0,125
20,21,1.0,0.0,0.0,125
20,22,1.0,0.0,0.0,125
20,23,1.0,0.0,0.0,125
21,20,1.0,0.0,0.0,125
22,20,1.0,0.0,0.0,125
23,20,1.0,0.0,0.0,125
24,17,1.0,0.0,0.0,125
0,1,1.0,0.0,0.0,126
1,0,1.0,0.0,0.0,126
1,2,1.0,0.0,0.0,126
2,1,1.0,0.0,0.0,126
2,3,1.5,1.0,1.0,126
2,6,1.5,1.0,1.0,126
3,2,1.5,1.0,1.0,126
3,4,1.5,1.0,1.0,126
4,3,1.5,1.0,1.0,126
4,5,1.5,1.0,1.0,126
5,4,1.5,1.0,1.0,126
5,6,1.5,1.0,1.0,126
5,7,1.0,0.0,0.0,126
6,2,1.5,1.0,1.0,126
6,5,1.5,1.0,1.0,126
7,5,1.0,0.0,0.0,126
8,9,1.0,0.0,0.0,126
8,10,1.0,0.0,0.0,126
8,11,1.0,0.0,0.0,126
8,12,1.0,0.0,0.0,126
8,13,1.0,0.0,0.0,126
8,14,1.0,0.0,0.0,126
9,8,1.0,0.0,0.0,126
10,8,1.0,0.0,0.0,126
11,8,1.0,0.0,0.0,126
12,8,1.0,0.0,0.0,126
13,8,1.0,0.0,0.0,126
14,8,1.0,0.0,0.0,126
0,1,1.5,1.0,1.0,127
0,5,1.5,1.0,1.0,127
1,0,1.5,1.0,1.0,127
1,2,1.5,1.0,1.0,127
2,1,1.5,1.0,1.0,127
2,3,1.5,1.0,1.0,127
3,2,1.5,1.0,1.0,127
3,4,1.5,1.0,1.0,127
3,6,1.0,0.0,0.0,127
4,3,1.5,1.0,1.0,127
4,5,1.5,1.0,1.0,127
5,0,1.5,1.0,1.0,127
5,4,1.5,1.0,1.0,127
6,3,1.0,0.0,0.0,127
6,7,1.0,0.0,0.0,127
7,6,1.0,0.0,0.0,127
0,1,1.0,0.0,0.0,128
0,10,1.0,0.0,0.0,128
1,0,1.0,0.0,0.0,128
1,2,1.5,1.0,1.0,128
1,5,1.5,1.0,1.0,128
2,1,1.5,1.0,1.0,128
2,3,1.5,1.0,1.0,128
3,2,1.5,1.0,1.0,128
3,4,1.5,1.0,1.0,128
3,6,1.0,0.0,0.0,128
4,3,1.5,1.0,1.0,128
4,5,1.5,1.0,1.0,128
5,1,1.5,1.0,1.0,128
5,4,1.5,1.0,1.0,128
6,3,1.0,0.0,0.0,128
6,7,1.0,0.0,0.0,128
7,6,1.0,0.0,0.0,128
7,8,1.0,0.0,0.0,128
8,7,1.0,0.0,0.0,128
8,9,1.0,0.0,0.0,128
9,8,1.0,0.0,0.0,128
10,0,1.0,0.0,0.0,128
10,11,1.0,0.0,0.0,128
11,10,1.0,0.0,0.0,128
11,12,1.0,0.0,0.0,128
12,11,1.0,0.0,0.0,128
12,13,1.0,0.0,0.0,128
13,12,1.0,0.0,0.0,128
13,14,1.0,0.0,0.0,128
14,13,1.0,0.0,0.0,128
14,15,1.0,0.0,0.0,128
15,14,1.0,0.0,0.0,128
15,16,1.0,0.0,0.0,128
16,15,1.0,0.0,0.0,128
16,17,1.5,1.0,1.0,128
16,21,1.5,1.0,1.0,128
17,16,1.5,1.0,1.0,128
17,18,1.5,1.0,1.0,128
18,17,1.5,1.0,1.0,128
18,19,1.5,1.0,1.0,128
19,18,1.5,1.0,1.0,128
19,20,1.5,1.0,1.0,128
20,19,1.5,1.0,1.0,128
20,21,1.5,1.0,1.0,128
21,16,1.5,1.0,1.0,128
21,20,1.5,1.0,1.0,128
22,23,1.0,0.0,0.0,128
22,30,1.0,0.0,0.0,128
23,22,1.0,0.0,0.0,128
23,24,2.0,0.0,0.0,128
23,25,2.0,0.0,0.0,128
23,26,1.0,0.0,0.0,128
24,23,2.0,0.0,0.0,128
25,23,2.0,0.0,0.0,128
26,23,1.0,0.0,0.0,128
26,27,1.0,0.0,0.0,128
26,28,1.0,0.0,0.0,128
26,29,1.0,0.0,0.0,128
27,26,1.0,0.0,0.0,128
28,26,1.0,0.0,0.0,128
29,26,1.0,0.0,0.0,128
30,22,1.0,0.0,0.0,128
30,31,2.0,0.0,0.0,128
30,32,2.0,0.0,0.0,128
30,33,1.0,0.0,0.0,128
31,30,2.0,0.0,0.0,128
32,30,2.0,0.0,0.0,128
33,30,1.0,0.0,0.0,128
33,34,1.0,0.0,0.0,128
33,35,1.0,0.0,0.0,128
33,36,1.0,0.0,0.0,128
34,33,1.0,0.0,0.0,128
35,33,1.0,0.0,0.0,128
36,33,1.0,0.0,0.0,128
0,1,1.5,1.0,1.0,129
0,4,1.5,1.0,1.0,129
1,0,1.5,1.0,1.0,129
1,2,1.5,1.0,1.0,129
1,6,1.0,0.0,0.0,129
2,1,1.5,1.0,1.0,129
2,3,1.5,1.0,1.0,129
3,2,1.5,1.0,1.0,129
3,4,1.5,1.0,1.0,129
4,0,1.5,1.0,1.0,129
4,3,1.5,1.0,1.0,129
4,5,1.0,1.0,0.0,129
5,4,1.0,1.0,0.0,129
6,1,1.0,0.0,0.0,129
6,7,1.0,0.0,0.0,129
7,6,1.0,0.0,0.0,129
7,8,1.0,0.0,0.0,129
8,7,1.0,0.0,0.0,129
8,9,1.0,0.0,0.0,129
9,8,1.0,0.0,0.0,129
0,1,1.5,1.0,1.0,130
0,4,1.5,1.0,1.0,130
1,0,1.5,1.0,1.0,130
1,2,1.5,1.0,1.0,130
1,6,1.0,0.0,0.0,130
2,1,1.5,1.0,1.0,130
2,3,1.5,1.0,1.0,130
3,2,1.5,1.0,1.0,130
3,4,1.5,1.0,1.0,130
4,0,1.5,1.0,1.0,130
4,3,1.5,1.0,1.0,130
4,5,1.0,1.0,0.0,130
5,4,1.0,1.0,0.0,130
6,1,1.0,0.0,0.0,130
6,7,1.0,0.0,0.0,130
7,6,1.0,0.0,0.0,130
0,1,1.5,1.0,1.0,131
0,4,1.5,1.0,1.0,131
1,0,1.5,1.0,1.0,131
1,2,1.5,1.0,1.0,131
1,6,1.0,0.0,0.0,131
2,1,1.5,1.0,1.0,131
2,3,1.5,1.0,1.0,131
3,2,1.5,1.0,1.0,131
3,4,1.5,1.0,1.0,131
4,0,1.5,1.0,1.0,131
4,3,1.5,1.0,1.0,131
4,5,1.0,1.0,0.0,131
5,4,1.0,1.0,0.0,131
6,1,1.0,0.0,0.0,131
6,7,1.0,0.0,0.0,131
7,6,1.0,0.0,0.0,131
7,8,1.0,0.0,0.0,131
8,7,1.0,0.0,0.0,131
8,9,1.0,0.0,0.0,131
9,8,1.0,0.0,0.0,131
9,10,1.0,0.0,0.0,131
10,9,1.0,0.0,0.0,131
10,11,1.0,0.0,0.0,131
11,10,1.0,0.0,0.0,131
11,12,1.0,0.0,0.0,131
12,11,1.0,0.0,0.0,131
12,13,1.0,0.0,0.0,131
13,12,1.0,0.0,0.0,131
0,1,1.0,0.0,0.0,132
0,15,1.0,0.0,0.0,132
1,0,1.0,0.0,0.0,132
1,2,1.5,1.0,1.0,132
1,5,1.5,1.0,1.0,132
2,1,1.5,1.0,1.0,132
2,3,1.5,1.0,1.0,132
3,2,1.5,1.0,1.0,132
3,4,1.5,1.0,1.0,132
3,6,1.0,0.0,0.0,132
4,3,1.5,1.0,1.0,132
4,5,1.5,1.0,1.0,132
5,1,1.5,1.0,1.0,132
5,4,1.5,1.0,1.0,132
6,3,1.0,0.0,0.0,132
6,7,1.0,0.0,0.0,132
7,6,1.0,0.0,0.0,132
7,8,1.5,1.0,1.0,132
7,12,1.5,1.0,1.0,132
8,7,1.5,1.0,1.0,132
8,9,1.5,1.0,1.0,132
9,8,1.5,1.0,1.0,132
9,10,1.5,1.0,1.0,132
10,9,1.5,1.0,1.0,132
10,11,1.5,1.0,1.0,132
10,13,1.0,1.0,0.0,132
11,10,1.5,1.0,1.0,132
11,12,1.5,1.0,1.0,132
12,7,1.5,1.0,1.0,132
12,11,1.5,1.0,1.0,132
13,10,1.0,1.0,0.0,132
13,14,2.0,1.0,0.0,132
14,13,2.0,1.0,0.0,132
15,0,1.0,0.0,0.0,132
15,16,1.0,0.0,0.0,132
16,15,1.0,0.0,0.0,132
16,17,1.0,0.0,0.0,132
16,33,1.0,0.0,0.0,132
16,34,1.0,0.0,0.0,132
17,16,1.0,0.0,0.0,132
17,18,1.0,0.0,0.0,132
17,31,1.0,0.0,0.0,132
17,32,1.0,0.0,0.0,132
18,17,1.0,0.0,0.0,132
18,19,1.0,0.0,0.0,132
18,29,1.0,0.0,0.0,132
18,30,1.0,0.0,0.0,132
19,18,1.0,0.0,0.0,132
19,20,1.0,0.0,0.0,132
19,27,1.0,0.0,0.0,132
19,28,1.0,0.0,0.0,132
20,19,1.0,0.0,0.0,132
20,21,1.0,0.0,0.0,132
20,25,1.0,0.0,0.0,132
20,26,1.0,0.0,0.0,132
21,20,1.0,0.0,0.0,132
21,22,1.0,0.0,0.0,132
21,23,1.0,0.0,0.0,132
21,24,1.0,0.0,0.0,132
22,21,1.0,0.0,0.0,132
23,21,1.0,0.0,0.0,132
24,21,1.0,0.0,0.0,132
25,20,1.0,0.0,0.0,132
26,20,1.0,0.0,0.0,132
27,19,1.0,0.0,0.0,132
28,19,1.0,0.0,0.0,132
29,18,1.0,0.0,0.0,132
30,18,1.0,0.0,0.0,132
31,17,1.0,0.0,0.0,132
32,17,1.0,0.0,0.0,132
33,16,1.0,0.0,0.0,132
34,16,1.0,0.0,0.0,132
0,1,1.0,0.0,0.0,133
0,7,1.0,0.0,0.0,133
1,0,1.0,0.0,0.0,133
1,2,1.5,1.0,1.0,133
1,5,1.5,1.0,1.0,133
2,1,1.5,1.0,1.0,133
2,3,1.5,1.0,1.0,133
3,2,1.5,1.0,1.0,133
3,4,1.5,1.0,1.0,133
3,6,1.0,0.0,0.0,133
4,3,1.5,1.0,1.0,133
4,5,1.5,1.0,1.0,133
5,1,1.5,1.0,1.0,133
5,4,1.5,1.0,1.0,133
6,3,1.0,0.0,0.0,133
7,0,1.0,0.0,0.0,133
7,8,2.0,0.0,0.0,133
8,7,2.0,0.0,0.0,133
0,1,1.0,0.0,0.0,134
0,7,1.0,0.0,0.0,134
1,0,1.0,0.0,0.0,134
1,2,1.5,1.0,1.0,134
1,5,1.5,1.0,1.0,134
2,1,1.5,1.0,1.0,134
2,3,1.5,1.0,1.0,134
3,2,1.5,1.0,1.0,134
3,4,1.5,1.0,1.0,134
3,6,1.0,0.0,0.0,134
4,3,1.5,1.0,1.0,134
4,5,1.5,1.0,1.0,134
5,1,1.5,1.0,1.0,134
5,4,1.5,1.0,1.0,134
6,3,1.0,0.0,0.0,134
7,0,1.0,0.0,0.0,134
7,8,3.0,0.0,0.0,134
8,7,3.0,0.0,0.0,134
0,1,1.0,0.0,0.0,135
0,7,1.0,0.0,0.0,135
1,0,1.0,0.0,0.0,135
1,2,1.5,1.0,1.0,135
1,5,1.5,1.0,1.0,135
2,1,1.5,1.0,1.0,135
2,3,1.5,1.0,1.0,135
3,2,1.5,1.0,1.0,135
3,4,1.5,1.0,1.0,135
3,6,1.0,0.0,0.0,135
4,3,1.5,1.0,1.0,135
4,5,1.5,1.0,1.0,135
5,1,1.5,1.0,1.0,135
5,4,1.5,1.0,1.0,135
6,3,1.0,0.0,0.0,135
7,0,1.0,0.0,0.0,135
7,8,3.0,0.0,0.0,135
8,7,3.0,0.0,0.0,135
0,1,1.0,0.0,0.0,136
0,7,1.0,0.0,0.0,136
1,0,1.0,0.0,0.0,136
1,2,1.5,1.0,1.0,136
1,5,1.5,1.0,1.0,136
2,1,1.5,1.0,1.0,136
2,3,1.5,1.0,1.0,136
3,2,1.5,1.0,1.0,136
3,4,1.5,1.0,1.0,136
3,6,1.0,0.0,0.0,136
4,3,1.5,1.0,1.0,136
4,5,1.5,1.0,1.0,136
5,1,1.5,1.0,1.0,136
5,4,1.5,1.0,1.0,136
6,3,1.0,0.0,0.0,136
7,0,1.0,0.0,0.0,136
7,8,1.0,0.0,0.0,136
8,7,1.0,0.0,0.0,136
8,9,1.0,0.0,0.0,136
9,8,1.0,0.0,0.0,136
9,10,1.0,0.0,0.0,136
10,9,1.0,0.0,0.0,136
10,11,1.0,0.0,0.0,136
11,10,1.0,0.0,0.0,136
0,1,1.0,0.0,0.0,137
0,7,1.0,0.0,0.0,137
1,0,1.0,0.0,0.0,137
1,2,1.5,1.0,1.0,137
1,5,1.5,1.0,1.0,137
2,1,1.5,1.0,1.0,137
2,3,1.5,1.0,1.0,137
3,2,1.5,1.0,1.0,137
3,4,1.5,1.0,1.0,137
3,6,1.0,0.0,0.0,137
4,3,1.5,1.0,1.0,137
4,5,1.5,1.0,1.0,137
5,1,1.5,1.0,1.0,137
5,4,1.5,1.0,1.0,137
6,3,1.0,0.0,0.0,137
7,0,1.0,0.0,0.0,137
7,8,2.0,0.0,0.0,137
8,7,2.0,0.0,0.0,137
0,1,1.0,0.0,0.0,138
0,7,1.0,0.0,0.0,138
1,0,1.0,0.0,0.0,138
1,2,1.5,1.0,1.0,138
1,5,1.5,1.0,1.0,138
2,1,1.5,1.0,1.0,138
2,3,1.5,1.0,1.0,138
3,2,1.5,1.0,1.0,138
3,4,1.5,1.0,1.0,138
3,6,1.0,0.0,0.0,138
4,3,1.5,1.0,1.0,138
4,5,1.5,1.0,1.0,138
5,1,1.5,1.0,1.0,138
5,4,1.5,1.0,1.0,138
6,3,1.0,0.0,0.0,138
7,0,1.0,0.0,0.0,138
7,8,1.0,0.0,0.0,138
8,7,1.0,0.0,0.0,138
8,9,1.0,0.0,0.0,138
9,8,1.0,0.0,0.0,138
0,1,1.0,0.0,0.0,139
1,0,1.0,0.0,0.0,139
1,2,1.0,0.0,0.0,139
2,1,1.0,0.0,0.0,139
2,3,1.0,0.0,0.0,139
3,2,1.0,0.0,0.0,139
3,4,1.0,0.0,0.0,139
4,3,1.0,0.0,0.0,139
4,5,1.0,0.0,0.0,139
4,9,1.0,0.0,0.0,139
4,13,1.0,0.0,0.0,139
5,4,1.0,0.0,0.0,139
5,6,1.0,0.0,0.0,139
6,5,1.0,0.0,0.0,139
6,7,1.0,0.0,0.0,139
7,6,1.0,0.0,0.0,139
7,8,1.0,0.0,0.0,139
8,7,1.0,0.0,0.0,139
9,4,1.0,0.0,0.0,139
9,10,1.0,0.0,0.0,139
10,9,1.0,0.0,0.0,139
10,11,1.0,0.0,0.0,139
11,10,1.0,0.0,0.0,139
11,12,1.0,0.0,0.0,139
12,11,1.0,0.0,0.0,139
13,4,1.0,0.0,0.0,139
13,14,1.0,0.0,0.0,139
14,13,1.0,0.0,0.0,139
14,15,1.0,0.0,0.0,139
15,14,1.0,0.0,0.0,139
15,16,1.0,0.0,0.0,139
16,15,1.0,0.0,0.0,139
0,1,1.0,0.0,0.0,140
0,7,1.0,0.0,0.0,140
1,0,1.0,0.0,0.0,140
1,2,1.5,1.0,1.0,140
1,5,1.5,1.0,1.0,140
2,1,1.5,1.0,1.0,140
2,3,1.5,1.0,1.0,140
3,2,1.5,1.0,1.0,140
3,4,1.5,1.0,1.0,140
3,6,1.0,0.0,0.0,140
4,3,1.5,1.0,1.0,140
4,5,1.5,1.0,1.0,140
5,1,1.5,1.0,1.0,140
5,4,1.5,1.0,1.0,140
6,3,1.0,0.0,0.0,140
7,0,1.0,0.0,0.0,140
7,8,1.0,0.0,0.0,140
8,7,1.0,0.0,0.0,140
8,9,1.0,0.0,0.0,140
9,8,1.0,0.0,0.0,140
0,1,1.0,0.0,0.0,141
0,7,1.0,0.0,0.0,141
1,0,1.0,0.0,0.0,141
1,2,1.5,1.0,1.0,141
1,5,1.5,1.0,1.0,141
2,1,1.5,1.0,1.0,141
2,3,1.5,1.0,1.0,141
3,2,1.5,1.0,1.0,141
3,4,1.5,1.0,1.0,141
3,6,1.0,0.0,0.0,141
4,3,1.5,1.0,1.0,141
4,5,1.5,1.0,1.0,141
5,1,1.5,1.0,1.0,141
5,4,1.5,1.0,1.0,141
6,3,1.0,0.0,0.0,141
7,0,1.0,0.0,0.0,141
7,8,1.0,0.0,0.0,141
8,7,1.0,0.0,0.0,141
8,9,1.0,0.0,0.0,141
8,19,1.0,0.0,0.0,141
8,20,1.0,0.0,0.0,141
9,8,1.0,0.0,0.0,141
9,10,1.0,0.0,0.0,141
9,17,1.0,0.0,0.0,141
9,18,1.0,0.0,0.0,141
10,9,1.0,0.0,0.0,141
10,11,1.0,0.0,0.0,141
10,15,1.0,0.0,0.0,141
10,16,1.0,0.0,0.0,141
11,10,1.0,0.0,0.0,141
11,12,1.0,0.0,0.0,141
11,13,1.0,0.0,0.0,141
11,14,1.0,0.0,0.0,141
12,11,1.0,0.0,0.0,141
13,11,1.0,0.0,0.0,141
14,11,1.0,0.0,0.0,141
15,10,1.0,0.0,0.0,141
16,10,1.0,0.0,0.0,141
17,9,1.0,0.0,0.0,141
18,9,1.0,0.0,0.0,141
19,8,1.0,0.0,0.0,141
20,8,1.0,0.0,0.0,141
0,1,1.0,0.0,0.0,142
1,0,1.0,0.0,0.0,142
1,2,1.0,0.0,0.0,142
2,1,1.0,0.0,0.0,142
2,3,1.5,1.0,1.0,142
2,6,1.5,1.0,1.0,142
3,2,1.5,1.0,1.0,142
3,4,1.5,1.0,1.0,142
4,3,1.5,1.0,1.0,142
4,5,1.5,1.0,1.0,142
5,4,1.5,1.0,1.0,142
5,6,1.5,1.0,1.0,142
5,7,1.0,0.0,0.0,142
6,2,1.5,1.0,1.0,142
6,5,1.5,1.0,1.0,142
7,5,1.0,0.0,0.0,142
0,1,1.0,0.0,0.0,143
0,7,1.0,0.0,0.0,143
1,0,1.0,0.0,0.0,143
1,2,1.5,1.0,1.0,143
1,5,1.5,1.0,1.0,143
2,1,1.5,1.0,1.0,143
2,3,1.5,1.0,1.0,143
3,2,1.5,1.0,1.0,143
3,4,1.5,1.0,1.0,143
3,6,1.0,0.0,0.0,143
4,3,1.5,1.0,1.0,143
4,5,1.5,1.0,1.0,143
5,1,1.5,1.0,1.0,143
5,4,1.5,1.0,1.0,143
6,3,1.0,0.0,0.0,143
7,0,1.0,0.0,0.0,143
7,8,1.0,0.0,0.0,143
8,7,1.0,0.0,0.0,143
8,9,1.0,0.0,0.0,143
9,8,1.0,0.0,0.0,143
10,11,2.0,0.0,0.0,143
10,12,2.0,0.0,0.0,143
10,13,1.0,0.0,0.0,143
10,17,1.0,0.0,0.0,143
11,10,2.0,0.0,0.0,143
12,10,2.0,0.0,0.0,143
13,10,1.0,0.0,0.0,143
13,14,1.0,0.0,0.0,143
13,15,1.0,0.0,0.0,143
13,16,1.0,0.0,0.0,143
14,13,1.0,0.0,0.0,143
15,13,1.0,0.0,0.0,143
16,13,1.0,0.0,0.0,143
17,10,1.0,0.0,0.0,143
0,1,1.0,0.0,0.0,144
0,7,1.0,0.0,0.0,144
1,0,1.0,0.0,0.0,144
1,2,1.5,1.0,1.0,144
1,5,1.5,1.0,1.0,144
2,1,1.5,1.0,1.0,144
2,3,1.5,1.0,1.0,144
3,2,1.5,1.0,1.0,144
3,4,1.5,1.0,1.0,144
3,6,1.0,0.0,0.0,144
4,3,1.5,1.0,1.0,144
4,5,1.5,1.0,1.0,144
5,1,1.5,1.0,1.0,144
5,4,1.5,1.0,1.0,144
6,3,1.0,0.0,0.0,144
7,0,1.0,0.0,0.0,144
7,8,1.0,0.0,0.0,144
8,7,1.0,0.0,0.0,144
8,9,1.0,0.0,0.0,144
9,8,1.0,0.0,0.0,144
10,11,1.0,0.0,0.0,144
10,18,1.0,0.0,0.0,144
11,10,1.0,0.0,0.0,144
11,12,2.0,0.0,0.0,144
11,13,2.0,0.0,0.0,144
11,14,1.0,0.0,0.0,144
12,11,2.0,0.0,0.0,144
13,11,2.0,0.0,0.0,144
14,11,1.0,0.0,0.0,144
14,15,1.0,0.0,0.0,144
14,16,1.0,0.0,0.0,144
14,17,1.0,0.0,0.0,144
15,14,1.0,0.0,0.0,144
16,14,1.0,0.0,0.0,144
17,14,1.0,0.0,0.0,144
18,10,1.0,0.0,0.0,144
18,19,2.0,0.0,0.0,144
18,20,2.0,0.0,0.0,144
18,21,1.0,0.0,0.0,144
19,18,2.0,0.0,0.0,144
20,18,2.0,0.0,0.0,144
21,18,1.0,0.0,0.0,144
21,22,1.0,0.0,0.0,144
21,23,1.0,0.0,0.0,144
21,24,1.0,0.0,0.0,144
22,21,1.0,0.0,0.0,144
23,21,1.0,0.0,0.0,144
24,21,1.0,0.0,0.0,144
0,1,1.0,0.0,0.0,145
1,0,1.0,0.0,0.0,145
1,2,1.0,0.0,0.0,145
2,1,1.0,0.0,0.0,145
2,3,1.5,1.0,1.0,145
2,6,1.5,1.0,1.0,145
3,2,1.5,1.0,1.0,145
3,4,1.5,1.0,1.0,145
4,3,1.5,1.0,1.0,145
4,5,1.5,1.0,1.0,145
5,4,1.5,1.0,1.0,145
5,6,1.5,1.0,1.0,145
5,7,1.0,0.0,0.0,145
6,2,1.5,1.0,1.0,145
6,5,1.5,1.0,1.0,145
7,5,1.0,0.0,0.0,145
8,9,1.0,0.0,0.0,145
9,8,1.0,0.0,0.0,145
9,10,2.0,1.0,0.0,145
9,11,1.0,1.0,0.0,145
10,9,2.0,1.0,0.0,145
11,9,1.0,1.0,0.0,145
0,1,1.0,0.0,1.0,146
0,5,1.0,0.0,1.0,146
1,0,1.0,0.0,1.0,146
1,2,1.0,0.0,1.0,146
2,1,1.0,0.0,1.0,146
2,3,1.0,0.0,1.0,146
3,2,1.0,0.0,1.0,146
3,4,1.0,0.0,1.0,146
3,6,1.0,0.0,0.0,146
3,7,1.0,0.0,0.0,146
4,3,1.0,0.0,1.0,146
4,5,1.0,0.0,1.0,146
5,0,1.0,0.0,1.0,146
5,4,1.0,0.0,1.0,146
6,3,1.0,0.0,0.0,146
7,3,1.0,0.0,0.0,146
7,8,1.0,0.0,0.0,146
8,7,1.0,0.0,0.0,146
8,9,1.0,0.0,0.0,146
9,8,1.0,0.0,0.0,146
9,10,1.0,0.0,0.0,146
10,9,1.0,0.0,0.0,146
11,12,2.0,1.0,0.0,146
12,11,2.0,1.0,0.0,146
12,13,2.0,1.0,0.0,146
13,12,2.0,1.0,0.0,146
0,1,1.0,0.0,0.0,147
1,0,1.0,0.0,0.0,147
1,2,1.0,0.0,0.0,147
2,1,1.0,0.0,0.0,147
2,3,1.5,1.0,1.0,147
2,6,1.5,1.0,1.0,147
3,2,1.5,1.0,1.0,147
3,4,1.5,1.0,1.0,147
4,3,1.5,1.0,1.0,147
4,5,1.5,1.0,1.0,147
5,4,1.5,1.0,1.0,147
5,6,1.5,1.0,1.0,147
5,7,1.0,0.0,0.0,147
6,2,1.5,1.0,1.0,147
6,5,1.5,1.0,1.0,147
7,5,1.0,0.0,0.0,147
8,9,1.0,0.0,0.0,147
8,10,1.0,0.0,0.0,147
8,11,1.0,0.0,0.0,147
8,12,1.0,0.0,0.0,147
8,13,1.0,0.0,0.0,147
8,14,1.0,0.0,0.0,147
9,8,1.0,0.0,0.0,147
10,8,1.0,0.0,0.0,147
11,8,1.0,0.0,0.0,147
12,8,1.0,0.0,0.0,147
13,8,1.0,0.0,0.0,147
14,8,1.0,0.0,0.0,147
0,1,1.0,0.0,0.0,148
0,7,1.0,0.0,0.0,148
1,0,1.0,0.0,0.0,148
1,2,1.5,1.0,1.0,148
1,5,1.5,1.0,1.0,148
2,1,1.5,1.0,1.0,148
2,3,1.5,1.0,1.0,148
3,2,1.5,1.0,1.0,148
3,4,1.5,1.0,1.0,148
4,3,1.5,1.0,1.0,148
4,5,1.5,1.0,1.0,148
4,6,1.0,0.0,0.0,148
5,1,1.5,1.0,1.0,148
5,4,1.5,1.0,1.0,148
6,4,1.0,0.0,0.0,148
7,0,1.0,0.0,0.0,148
7,8,1.0,0.0,0.0,148
8,7,1.0,0.0,0.0,148
8,9,1.0,0.0,0.0,148
9,8,1.0,0.0,0.0,148
9,10,3.0,0.0,0.0,148
10,9,3.0,0.0,0.0,148
11,12,1.0,0.0,0.0,148
11,13,1.0,0.0,0.0,148
11,14,1.0,0.0,0.0,148
11,15,1.0,0.0,0.0,148
12,11,1.0,0.0,0.0,148
13,11,1.0,0.0,0.0,148
14,11,1.0,0.0,0.0,148
15,11,1.0,0.0,0.0,148
0,1,1.0,0.0,1.0,149
0,4,1.0,0.0,1.0,149
1,0,1.0,0.0,1.0,149
1,2,1.0,0.0,1.0,149
2,1,1.0,0.0,1.0,149
2,3,2.0,1.0,1.0,149
2,7,1.0,0.0,0.0,149
3,2,2.0,1.0,1.0,149
3,4,1.0,1.0,1.0,149
3,6,1.0,0.0,0.0,149
4,0,1.0,0.0,1.0,149
4,3,1.0,1.0,1.0,149
4,5,1.0,0.0,0.0,149
5,4,1.0,0.0,0.0,149
6,3,1.0,0.0,0.0,149
7,2,1.0,0.0,0.0,149
8,9,1.0,0.0,0.0,149
8,10,1.0,0.0,0.0,149
8,11,1.0,0.0,0.0,149
8,12,1.0,0.0,0.0,149
8,13,1.0,0.0,0.0,149
8,14,1.0,0.0,0.0,149
9,8,1.0,0.0,0.0,149
10,8,1.0,0.0,0.0,149
11,8,1.0,0.0,0.0,149
12,8,1.0,0.0,0.0,149
13,8,1.0,0.0,0.0,149
14,8,1.0,0.0,0.0,149
0,1,1.0,0.0,0.0,150
1,0,1.0,0.0,0.0,150
1,2,1.0,0.0,0.0,150
2,1,1.0,0.0,0.0,150
2,3,1.0,0.0,0.0,150
3,2,1.0,0.0,0.0,150
3,4,1.0,0.0,0.0,150
4,3,1.0,0.0,0.0,150
4,5,1.0,0.0,0.0,150
5,4,1.0,0.0,0.0,150
5,6,1.0,0.0,0.0,150
6,5,1.0,0.0,0.0,150
6,7,1.0,0.0,0.0,150
7,6,1.0,0.0,0.0,150
7,8,1.0,0.0,0.0,150
8,7,1.0,0.0,0.0,150
9,10,1.0,0.0,0.0,150
9,17,1.0,0.0,0.0,150
10,9,1.0,0.0,0.0,150
10,11,2.0,0.0,0.0,150
10,12,2.0,0.0,0.0,150
10,13,1.0,0.0,0.0,150
11,10,2.0,0.0,0.0,150
12,10,2.0,0.0,0.0,150
13,10,1.0,0.0,0.0,150
13,14,1.0,0.0,0.0,150
13,15,1.0,0.0,0.0,150
13,16,1.0,0.0,0.0,150
14,13,1.0,0.0,0.0,150
15,13,1.0,0.0,0.0,150
16,13,1.0,0.0,0.0,150
17,9,1.0,0.0,0.0,150
17,18,2.0,0.0,0.0,150
17,19,2.0,0.0,0.0,150
17,20,1.0,0.0,0.0,150
18,17,2.0,0.0,0.0,150
19,17,2.0,0.0,0.0,150
20,17,1.0,0.0,0.0,150
20,21,1.0,0.0,0.0,150
20,22,1.0,0.0,0.0,150
20,23,1.0,0.0,0.0,150
21,20,1.0,0.0,0.0,150
22,20,1.0,0.0,0.0,150
23,20,1.0,0.0,0.0,150
0,1,1.0,0.0,1.0,151
0,4,1.0,0.0,1.0,151
1,0,1.0,0.0,1.0,151
1,2,1.0,0.0,1.0,151
2,1,1.0,0.0,1.0,151
2,3,1.0,0.0,1.0,151
3,2,1.0,0.0,1.0,151
3,4,1.0,0.0,1.0,151
4,0,1.0,0.0,1.0,151
4,3,1.0,0.0,1.0,151
5,6,2.0,1.0,0.0,151
6,5,2.0,1.0,0.0,151
6,7,2.0,1.0,0.0,151
7,6,2.0,1.0,0.0,151
0,1,1.5,1.0,1.0,152
0,5,1.5,1.0,1.0,152
1,0,1.5,1.0,1.0,152
1,2,1.5,1.0,1.0,152
2,1,1.5,1.0,1.0,152
2,3,1.5,1.0,1.0,152
3,2,1.5,1.0,1.0,152
3,4,1.5,1.0,1.0,152
3,7,1.0,0.0,0.0,152
4,3,1.5,1.0,1.0,152
4,5,1.5,1.0,1.0,152
4,6,1.0,0.0,0.0,152
5,0,1.5,1.0,1.0,152
5,4,1.5,1.0,1.0,152
6,4,1.0,0.0,0.0,152
7,3,1.0,0.0,0.0,152
7,8,1.0,0.0,0.0,152
8,7,1.0,0.0,0.0,152
9,10,1.0,0.0,0.0,152
9,11,1.0,0.0,0.0,152
9,12,1.0,0.0,0.0,152
9,13,1.0,0.0,0.0,152
10,9,1.0,0.0,0.0,152
11,9,1.0,0.0,0.0,152
12,9,1.0,0.0,0.0,152
13,9,1.0,0.0,0.0,152
0,1,1.0,0.0,0.0,153
0,7,1.0,0.0,0.0,153
1,0,1.0,0.0,0.0,153
1,2,1.5,1.0,1.0,153
1,5,1.5,1.0,1.0,153
2,1,1.5,1.0,1.0,153
2,3,1.5,1.0,1.0,153
3,2,1.5,1.0,1.0,153
3,4,1.5,1.0,1.0,153
3,6,1.0,0.0,0.0,153
4,3,1.5,1.0,1.0,153
4,5,1.5,1.0,1.0,153
5,1,1.5,1.0,1.0,153
5,4,1.5,1.0,1.0,153
6,3,1.0,0.0,0.0,153
7,0,1.0,0.0,0.0,153
7,8,1.0,0.0,0.0,153
8,7,1.0,0.0,0.0,153
8,9,1.0,0.0,0.0,153
9,8,1.0,0.0,0.0,153
10,11,2.0,1.0,0.0,153
11,10,2.0,1.0,0.0,153
11,12,2.0,1.0,0.0,153
12,11,2.0,1.0,0.0,153
0,1,1.0,0.0,0.0,154
1,0,1.0,0.0,0.0,154
1,2,1.0,0.0,0.0,154
2,1,1.0,0.0,0.0,154
2,3,1.5,1.0,1.0,154
2,6,1.5,1.0,1.0,154
3,2,1.5,1.0,1.0,154
3,4,1.5,1.0,1.0,154
4,3,1.5,1.0,1.0,154
4,5,1.5,1.0,1.0,154
5,4,1.5,1.0,1.0,154
5,6,1.5,1.0,1.0,154
5,7,1.0,0.0,0.0,154
6,2,1.5,1.0,1.0,154
6,5,1.5,1.0,1.0,154
7,5,1.0,0.0,0.0,154
8,9,1.0,0.0,0.0,154
9,8,1.0,0.0,0.0,154
9,10,2.0,1.0,0.0,154
9,11,1.0,1.0,0.0,154
10,9,2.0,1.0,0.0,154
11,9,1.0,1.0,0.0,154
0,1,1.0,0.0,0.0,155
1,0,1.0,0.0,0.0,155
1,2,1.0,0.0,0.0,155
2,1,1.0,0.0,0.0,155
2,3,1.0,0.0,0.0,155
3,2,1.0,0.0,0.0,155
3,4,1.0,0.0,0.0,155
4,3,1.0,0.0,0.0,155
4,5,1.0,0.0,0.0,155
5,4,1.0,0.0,0.0,155
5,6,1.0,0.0,0.0,155
6,5,1.0,0.0,0.0,155
6,7,1.0,0.0,0.0,155
7,6,1.0,0.0,0.0,155
7,8,1.0,0.0,0.0,155
8,7,1.0,0.0,0.0,155
9,10,1.0,0.0,0.0,155
9,17,1.0,0.0,0.0,155
10,9,1.0,0.0,0.0,155
10,11,2.0,0.0,0.0,155
10,12,2.0,0.0,0.0,155
10,13,1.0,0.0,0.0,155
11,10,2.0,0.0,0.0,155
12,10,2.0,0.0,0.0,155
13,10,1.0,0.0,0.0,155
13,14,1.0,0.0,0.0,155
13,15,1.0,0.0,0.0,155
13,16,1.0,0.0,0.0,155
14,13,1.0,0.0,0.0,155
15,13,1.0,0.0,0.0,155
16,13,1.0,0.0,0.0,155
17,9,1.0,0.0,0.0,155
17,18,2.0,0.0,0.0,155
17,19,2.0,0.0,0.0,155
17,20,1.0,0.0,0.0,155
18,17,2.0,0.0,0.0,155
19,17,2.0,0.0,0.0,155
20,17,1.0,0.0,0.0,155
20,21,1.0,0.0,0.0,155
20,22,1.0,0.0,0.0,155
20,23,1.0,0.0,0.0,155
21,20,1.0,0.0,0.0,155
22,20,1.0,0.0,0.0,155
23,20,1.0,0.0,0.0,155
0,1,1.5,1.0,1.0,156
0,4,1.5,1.0,1.0,156
1,0,1.5,1.0,1.0,156
1,2,1.5,1.0,1.0,156
1,8,1.0,0.0,0.0,156
2,1,1.5,1.0,1.0,156
2,3,1.5,1.0,1.0,156
3,2,1.5,1.0,1.0,156
3,4,1.5,1.0,1.0,156
4,0,1.5,1.0,1.0,156
4,3,1.5,1.0,1.0,156
4,5,1.0,0.0,0.0,156
5,4,1.0,0.0,0.0,156
5,6,1.0,0.0,0.0,156
5,7,1.0,0.0,0.0,156
6,5,1.0,0.0,0.0,156
7,5,1.0,0.0,0.0,156
8,1,1.0,0.0,0.0,156
9,10,1.0,0.0,0.0,156
9,11,1.0,0.0,0.0,156
9,12,1.0,0.0,0.0,156
9,13,1.0,0.0,0.0,156
10,9,1.0,0.0,0.0,156
11,9,1.0,0.0,0.0,156
12,9,1.0,0.0,0.0,156
13,9,1.0,0.0,0.0,156
